-- MySQL dump 10.13  Distrib 5.5.27, for Win32 (x86)
--
-- Host: 127.0.0.1    Database: ecomat
-- ------------------------------------------------------
-- Server version	5.5.27

/*!40101 SET @OLD_CHARACTER_SET_CLIENT=@@CHARACTER_SET_CLIENT */;
/*!40101 SET @OLD_CHARACTER_SET_RESULTS=@@CHARACTER_SET_RESULTS */;
/*!40101 SET @OLD_COLLATION_CONNECTION=@@COLLATION_CONNECTION */;
/*!40101 SET NAMES utf8 */;
/*!40103 SET @OLD_TIME_ZONE=@@TIME_ZONE */;
/*!40103 SET TIME_ZONE='+00:00' */;
/*!40014 SET @OLD_UNIQUE_CHECKS=@@UNIQUE_CHECKS, UNIQUE_CHECKS=0 */;
/*!40014 SET @OLD_FOREIGN_KEY_CHECKS=@@FOREIGN_KEY_CHECKS, FOREIGN_KEY_CHECKS=0 */;
/*!40101 SET @OLD_SQL_MODE=@@SQL_MODE, SQL_MODE='NO_AUTO_VALUE_ON_ZERO' */;
/*!40111 SET @OLD_SQL_NOTES=@@SQL_NOTES, SQL_NOTES=0 */;

--
-- Table structure for table `appointment`
--

DROP TABLE IF EXISTS `appointment`;
/*!40101 SET @saved_cs_client     = @@character_set_client */;
/*!40101 SET character_set_client = utf8 */;
CREATE TABLE `appointment` (
  `id` int(11) NOT NULL AUTO_INCREMENT,
  `date` date NOT NULL,
  `contact` int(11) NOT NULL DEFAULT '0',
  `link_url` text COLLATE utf8_unicode_ci NOT NULL,
  PRIMARY KEY (`id`)
) ENGINE=InnoDB AUTO_INCREMENT=14 DEFAULT CHARSET=utf8 COLLATE=utf8_unicode_ci;
/*!40101 SET character_set_client = @saved_cs_client */;

--
-- Dumping data for table `appointment`
--

LOCK TABLES `appointment` WRITE;
/*!40000 ALTER TABLE `appointment` DISABLE KEYS */;
INSERT INTO `appointment` VALUES (2,'2013-01-30',21,'http://www.iwt-bremen.de'),(3,'2013-02-27',21,'http://www.iwt-bremen.de/veranstaltungen/awt-vdi-arbeitskreis-werkstofftechnik-bremen.html'),(4,'2013-09-03',78,'http://www.dgm.de/dgm/lightMAT2013/'),(6,'2013-09-09',0,'http://www.dlrk2013.dglr.de/ '),(7,'2013-03-07',0,'http://www.ifam.fraunhofer.de/de/Messen_Veranstaltungen/MultiMaT.html'),(8,'2014-10-27',0,'http://www.ithec.de'),(9,'2013-04-25',93,'http://www.dglr-bremen.de/'),(10,'2014-07-02',78,'http://www.sysint-conference.org'),(11,'2013-11-27',0,'http://ecg-2013.com/'),(12,'2013-06-26',0,'http://www.iwt-bremen.de/veranstaltungen/awt-vdi-arbeitskreis-werkstofftechnik-bremen.html'),(13,'2013-04-24',0,'http://www.iwt-bremen.de/veranstaltungen/awt-vdi-arbeitskreis-werkstofftechnik-bremen.html');
/*!40000 ALTER TABLE `appointment` ENABLE KEYS */;
UNLOCK TABLES;

--
-- Table structure for table `appointment_local`
--

DROP TABLE IF EXISTS `appointment_local`;
/*!40101 SET @saved_cs_client     = @@character_set_client */;
/*!40101 SET character_set_client = utf8 */;
CREATE TABLE `appointment_local` (
  `id` int(11) NOT NULL AUTO_INCREMENT,
  `appointment` int(11) NOT NULL,
  `language` int(11) NOT NULL,
  `title` text COLLATE utf8_unicode_ci NOT NULL,
  `description` text COLLATE utf8_unicode_ci NOT NULL,
  `link_title` text COLLATE utf8_unicode_ci NOT NULL,
  PRIMARY KEY (`id`),
  UNIQUE KEY `id` (`id`),
  KEY `language` (`language`),
  KEY `appointment` (`appointment`),
  CONSTRAINT `appointment_local_ibfk_3` FOREIGN KEY (`appointment`) REFERENCES `appointment` (`id`) ON DELETE CASCADE ON UPDATE NO ACTION,
  CONSTRAINT `appointment_local_ibfk_4` FOREIGN KEY (`language`) REFERENCES `language` (`id`) ON DELETE NO ACTION ON UPDATE NO ACTION
) ENGINE=InnoDB AUTO_INCREMENT=14 DEFAULT CHARSET=utf8 COLLATE=utf8_unicode_ci;
/*!40101 SET character_set_client = @saved_cs_client */;

--
-- Dumping data for table `appointment_local`
--

LOCK TABLES `appointment_local` WRITE;
/*!40000 ALTER TABLE `appointment_local` DISABLE KEYS */;
INSERT INTO `appointment_local` VALUES (2,2,1,'Ultraschallermüdung von Leichtmetallen und Verbundwerkstoffen','Vortrag des AWT-VDI-AK Werkstofftechnik: Das IWT lädt im Namen der AWT (Arbeitsgemeinschaft Wärmebehandlung und Werkstofftechnik e.V., Bremen) und des VDI Verein Deutscher Ingenieure am Mittwoch, den 30.01.2013, um 17.00 Uhr zur Veranstaltung \"Ultraschallermüdung von Leichtmetallen und Verbundwerkstoffen – Hochfrequenzprüfsysteme, zerstörungsfreie Prüfmethoden und Charakterisierung des Ermüdungsverhaltens\" ein (Ort: IWT, Raum FZB 1250).\nReferent ist Dr.-Ing. Frank Balle, Technische Universität Kaiserslautern, Lehrstuhl für Werkstoffkunde (WKK). \n','AWT-VDI-Arbeitskreis Werkstofftechnik Bremen '),(3,3,1,'Fügen von Metall-Polymer-Hybridstrukturen','Vortrag des AWT-VDI-AK Werkstofftechnik zum Thema: Fügen von Metall-Polymer-Hybridstrukturen: Neue Entwicklungen im Bereich der Festphasenfügeprozesse.\n\nReferent: Prof. Dr.-Ing. Sergio Amancio, Advanced Polymer-Metal Hybrid Structures, Helmholtz-Zentrum Geestacht\n\nOrt: IWT, Raum FZB 1250, Zeit: 17:00-18:00 Uhr','AWT-VDI-Arbeitskreis Werkstofftechnik Bremen '),(4,4,1,'Euro LightMat 2013 In Bremen vom 03.09. -05.09.2013','Vom 03.09.2013 bis 05.09.2013 findet in Bremen die Euro LightMat 2013 des DGM - Deutsche Gesellschaft für Materialkunde e.V. statt. \n\n','Euro LightMat 2013'),(6,6,1,'Deutscher Luft- und Raumfahrtkongress 2013 (10.-12.09.2013, Stuttgart)','\"Die Vorbereitungen für den Deutschen Luft- und Raumfahrtkongress 2013 sind schon jetzt in vollem Gange. Dieser findet vom 10. bis 12. September 2013 unter dem Motto  „Nachhaltig durch Luft und Raum“ in Stuttgart statt.\n\nThema ist in 2013 Anforderungen der Nachhaltigkeit , welche auch zunehmend an die Technologien der Luft- und Raumfahrt gestellt werden. Hier gilt es, die Pionierstellung der Branche zu nutzen und mit Spitzenforschung die Technologien der Zukunft zu entwickeln. Ein Augenmerk sollte dabei immer auch auf wertvolle Synergien mit anderen Forschungs- und Entwicklungsbereichen gerichtet werden, daher wird in diesem Jahr das Sonderthema „Synergien zwischen Automobiltechnik und Luft- und Raumfahrt“ besonders gewürdigt werden.\n\nAuch auch Bremen ist von den Partnern des EcoMaT ein Vortrag angemeldet. Mehr Informationen unter: http://www.dlrk2013.dglr.de/\n','Mehr Informationen'),(7,7,1,'5. Industrieworkshop »MultiMaT«','2013 findet der nunmehr fünfte Industrieworkshop zum Innovationscluster »MultiMaT« statt. Damit begründet sich bereits eine kleine Tradition, die auch den Erfolg des Netzwerkes und der Kooperation zwischen Wirtschaft und Wissenschaft aufzeigt.\n\nIn diesem Jahr erwartet Sie ein erweitertes Konzept mit interessanten und vielversprechenden Themen. Aktuelle Fragestellungen zu innovativen Werkstofflösungen werden von unseren Experten vorgestellt. Mit der Motivation »Wissen vernetzen – Wissenschaft und Wirtschaft im Dialog« möchten wir Sie zum Networking und einem kleinen anschließenden Imbiss einladen.\n\nWie auch Ihr Unternehmen oder Institut durch den Bremer Innovationscluster profitieren kann, beantworten wir Ihnen gerne im persönlichen Gespräch. Wir freuen uns, Sie im Fraunhofer IFAM begrüßen zu können.\n','Mehr Informationen'),(8,8,1,'ITHEC 2014 (Bremen)','27.-28. Oct. 2014: With 280 conference participants (from 26 countries we have reached an exemplary number of participants for the ITHEC inauguration event. Being attracted by a top-class conference programme including 26 oral presentations the international experts discussed the wonderful opportunities advanced thermoplastic materials and processes can offer to make composites competitive for high volume production.\n','ITHEC 2014'),(9,9,1,'DGLR Bezirksgruppe BREMEN','Die DGLR Bezirksgruppe Bremen lädt zum  Vortrag  von Dr. Hubertus Lohner, Airbus Engineering Airframe, zum Thema ein:„Eco-efficient Aircraft - Advanced Materials and Processes enabling Green Aircraft Solutions “\n\n\nDatum: 25. April 2013 (Donnerstag)\nUhrzeit: 19.00 Uhr\nOrt: Airbus – Werk Bremen (Gebäude 68 Raum 0.035; Airbus-Allee 1, 28199 Bremen)\n\n\nUm Anmeldung wird gebeten bis zum 22.04.2013 unter folgender \nE-Mail Adresse:          ulrich.beck@airbus.com \n\nWir freuen uns, Sie zu unserer Vortragsreihe begrüßen zu dürfen. Bitte bringen Sie Ihren Personalausweis mit, vielen Dank,\n\n\nClaudia Kessler  			        Ulrich Beck\n1. DGLR Vizepräsidentin			Leiter DGLR Bezirk Bremen	\n\n','DGLR Bezirksgruppe Bremen'),(10,10,1,'SysInt2014 - 2nd International Conference on System-Integrated Intelligence','Based on the success of the 1st, we proudly announce the \n2nd Joint Int. Conference on System-Integrated Intelligence: \nNew Challenges for Product and Production Engineering.\n \nThis international event provides a forum for academia\nand industry to disseminate their latest innovations and\npractises. The focus is on integration of new, intelligent\nfunctionalities into materials, components and systems\nto enable future technologies with enhanced capabilities. \n\nDevelopment of new sensor materials and technologies,\nsensorial materials, intelligent products including cyber-\nphysical systems (CPS), self-controlled processes for\nlogistics and production engineering (“Industrie 4.0”) are\nwithin the scope of the conference. Fundamental research\nareas thus include functional materials research, materials\nand production engineering, Microsystems technology,\nsystems engineering and computer science.\n\nTopics of interest include, but are not limited to:\n\no	Methods and algorithms:\nAgent-based systems, machine learning, biologically-\ninspired methods for optimization and planning\n\no	Advanced autonomous objects and systems applications\n\no	Self-optimization and autonomous control: Design, modeling and validation, reliability\n\no	Human-Machine-Interaction (HMI): Visualization and transparency\n\no	Enabling technologies: Sensorial materials, intelligent materials and structures, material-integrated sensing, data processing, communication and adaptivity\n','Mehr Informationen'),(11,11,1,'4th European Conference on Grinding (ecg)','Schleiftechnik im Wettbewerb: In Tradition der fünf sehr erfolgreich verlaufenen schleiftechnischen Kolloquien in Aachen (1997, 2003, 2010) und Bremen (2000, 2006) wird die 4. European Conference on Grinding 2013 Neu- und Weiterentwicklungen auf dem Gebiet der Schleiftechnik vorstellen sowie Perspektiven und Potenziale in der Branche aufzeigen. Informiert wird über die Weiterentwicklung der Branche in den Bereichen Werkzeuge, Maschinen und Peripherie. Außerdem wird großer Wert auf den Austausch von persönlichen Erfahrungen der Teilnehmer aus Praxis und Wissenschaft gelegt.\n','ECG 2013'),(12,12,1,'Oberflächenrauhigkeit und Mikrorissentstehung','Vortrag des AWT-VDI-Arbeitskreis Werkstofftechnik Bremen am IWT von Prof. Dr. rer. nat. Angelika Brückner-Foit, Institut für Werkstofftechnik, Qualität und Zuverlässigkeit, Universität Kassel','AWT-VDI-Arbeitskreis Werkstofftechnik Bremen '),(13,13,1,'Korrosionsbeständigkeit von PVD-Schichten','Vortrag des AWT-VDI-Arbeitskreis Werkstofftechnik Bremen am IWT von Dr.-Ing. Holger Hoche, Technische Universität Darmstadt, Leiter Kompetenzbereich Werkstoffanalytik.  \n\nOrt\nIWT Stiftung Institut für Werkstofftechnik, Badgasteiner Str. 3, 28359 Bremen  \nGebäude FZB, 1. Etage, Raum 1250\n','AWT-VDI-Arbeitskreis Werkstofftechnik Bremen ');
/*!40000 ALTER TABLE `appointment_local` ENABLE KEYS */;
UNLOCK TABLES;

--
-- Table structure for table `appointment_media`
--

DROP TABLE IF EXISTS `appointment_media`;
/*!40101 SET @saved_cs_client     = @@character_set_client */;
/*!40101 SET character_set_client = utf8 */;
CREATE TABLE `appointment_media` (
  `id` int(11) NOT NULL AUTO_INCREMENT,
  `appointment` int(11) NOT NULL,
  `media` int(11) NOT NULL,
  PRIMARY KEY (`id`),
  KEY `appointment` (`appointment`),
  KEY `media` (`media`),
  CONSTRAINT `appointment_media_ibfk_1` FOREIGN KEY (`appointment`) REFERENCES `appointment` (`id`) ON DELETE CASCADE ON UPDATE NO ACTION,
  CONSTRAINT `appointment_media_ibfk_2` FOREIGN KEY (`media`) REFERENCES `media` (`id`) ON DELETE CASCADE ON UPDATE NO ACTION
) ENGINE=InnoDB AUTO_INCREMENT=16 DEFAULT CHARSET=utf8 COLLATE=utf8_unicode_ci;
/*!40101 SET character_set_client = @saved_cs_client */;

--
-- Dumping data for table `appointment_media`
--

LOCK TABLES `appointment_media` WRITE;
/*!40000 ALTER TABLE `appointment_media` DISABLE KEYS */;
INSERT INTO `appointment_media` VALUES (1,2,18),(2,3,18),(3,4,111),(4,6,114),(5,7,115),(6,8,119),(10,9,120),(11,10,122),(13,12,18),(14,13,18),(15,11,123);
/*!40000 ALTER TABLE `appointment_media` ENABLE KEYS */;
UNLOCK TABLES;

--
-- Table structure for table `contact`
--

DROP TABLE IF EXISTS `contact`;
/*!40101 SET @saved_cs_client     = @@character_set_client */;
/*!40101 SET character_set_client = utf8 */;
CREATE TABLE `contact` (
  `id` int(8) NOT NULL AUTO_INCREMENT,
  `street` varchar(256) COLLATE utf8_unicode_ci NOT NULL,
  `house_number` varchar(256) COLLATE utf8_unicode_ci NOT NULL,
  `zip` varchar(256) COLLATE utf8_unicode_ci NOT NULL,
  `web` varchar(512) COLLATE utf8_unicode_ci NOT NULL,
  `phone` varchar(256) COLLATE utf8_unicode_ci NOT NULL,
  `fax` varchar(256) COLLATE utf8_unicode_ci NOT NULL,
  `mail` varchar(128) COLLATE utf8_unicode_ci NOT NULL,
  PRIMARY KEY (`id`)
) ENGINE=InnoDB AUTO_INCREMENT=98 DEFAULT CHARSET=utf8 COLLATE=utf8_unicode_ci;
/*!40101 SET character_set_client = @saved_cs_client */;

--
-- Dumping data for table `contact`
--

LOCK TABLES `contact` WRITE;
/*!40000 ALTER TABLE `contact` DISABLE KEYS */;
INSERT INTO `contact` VALUES (1,'Airbus-Allee','1','28199','www.premium.aerotec.com','+49 421 538 0','+49 421 538 4726',''),(2,'','','','',' 49 421 5385 322','','axel.deterts@premium-aerotec.com'),(3,'','','','',' 49 421 5382 151','','sarah.muenzberg@premium-aerotec.com'),(4,'Airbusallee','1','28199','www.airbus.com','+49 421 5380','',''),(5,'','','','',' 49 40 7435 5836','','burkhard.goelling@airbus.com'),(6,'','','','',' 49 421 5382 530','','kai.brueggemann@airbus.com'),(7,'Klagenfurter Str.','2','28359','www.bias.de','+49 421 218 580 000','+49 421 218 580 63','info@bias.de'),(8,'','','','',' 49 421 218 580 01','','vollertsen@bias.de'),(9,'','','','',' 49 421 218 580 02','','bergmann@bias.de'),(10,'Robert-Hooke-Straße','5','28359','www.dfki.de/robotik',' 49 421 178 45 4100',' 49 421 178 45 4150','robotik@dfki.de'),(11,'','','','',' 49 421 178 454 100','','frank.kirchner@dfki.de'),(12,'','','','',' 49 421 178 454 135','','marc.ronthaler@dfki.de'),(13,'Wiener Straße','12','28359','www.ifam.fraunhofer.de',' 49 421 22 460',' 49 421 22 463 00','info@ifam.fraunhofer.de'),(14,'','','','',' 49 421 224 6568','','anne-grete.becker@ifam.fraunhofer.de'),(15,'','','','',' 49 421 5665 404','','martina.ohle@ifam.fraunhofer.de'),(16,'Am Fallturm','1','28359','www.bccms.uni-bremen.de',' 49 421 218 62341',' 49 421 218 62770','ploshhikhin@isemp.de'),(17,'','','','',' 49 421 218 62320','','juergens@isemp.de'),(18,'','','','',' 49 421 218 62325','','keller@isemp.de'),(19,'Badgasteiner Str.','3','28359','www.iwt-bremen.de',' 49 421 218 51 301',' 49 421 218 51 474','iwt@iwt-bremen.de'),(20,'','','','',' 49 421 218 51301','','zoch@iwt-bremen.de'),(21,'','','','',' 49 421 218 51302','','rt@iwt-bremen.de'),(22,'Marktstr.','2','28195','www.kaefer.com','+49 421 30 550','+49 421 18 251','info@kaefer.com'),(23,'','','','','0421 305 5311','','francisca.gorgodian@kaefer.com'),(24,'','','','','0421 6109-330','','marin.schouten@kaefer.com'),(25,'Am Fallturm','1','28359','www.tzi.de',' 49 421 218 64090',' 49 421 218 64095','hq@tzi.de'),(26,'','','','',' 49 421 218 64090','','hq@tzi.de'),(27,'Hochschulring','20','28359','www.biba.uni-bremen.de',' 49 421 218 50005',' 49 421 218 50007','tho@biba.uni-bremen.de'),(28,'','','','',' 49 421 218 50005','','tho@biba.uni-bremen.de'),(29,'','','','',' 49 421 218 50023','','gav@biba.uni-bremen.de'),(30,'Badgasteiner Straße','1','28359','www.bik.uni-bremen.de',' 49 421 218 64868',' 49 421 218 64869','bik@uni-bremen.de'),(32,'','','','',' 49 421 218 64870','','ttietjen@uni-bremen.de'),(33,'Am Biologischen Garten ','2','28359','Bremen',' 49 421 218 58700','','sekretariat@faserinstitut.de'),(34,'','','','',' 49 421 218 58657','','stieglitz@faserinstitut.de'),(35,'','','','',' 49 421 218 58704','','hoffmeister@faserinstitut.de'),(36,'Bibliothekstraße','1','28357','www.uni-bremen.de','+49 421 218 60333','+49 421 218 60349','derk.schoenfeld@vw.uni-bremen.de'),(37,'','','','',' 49 421 218 60333','','derk.schoenfeld@vw.uni-bremen.de'),(38,'','','','',' 49 421 218 60330','','martin.heinlein@vw.uni-bremen.de'),(39,'','','','',' 49 421 538 7245','','gaby.soehner@premium-aerotec.com'),(40,'','','','www.bik.uni-bremen.de','0421 218-64875','','rolbiecki@uni-bremen.de'),(41,'','','','www.biba.uni-bremen.de',' 49 421 218 50101','','han@biba.uni-bremen.de'),(42,'','','','',' 49 421 218 64873','','chkoenig@uni-bremen.de'),(43,'','','','',' 49 421 218 64871','','johlendorf@uni-bremen.de'),(44,'','','','',' 49 174 84 130','','thomas.voegele@dfki.de'),(45,'','','','',' 49 421 178454103','','sbosse@uni-bremen.de'),(46,'','','','',' 49 421 178 454 148','','peter.kampmann@dfki.de'),(47,'Wilhelm Herbst Straße ','12','28359','www.innovation.uni-bremen.de',' 49 421 218 66801','','kontakt@innovation.uni-bremen.de'),(48,'','','','',' 49 421 218 66801','','kontakt@innovation.uni-bremen.de'),(49,'Fahrenheitstraße ','1','28359','www.innowi.de','0421 9600-70','0421 9600-870','mail@innowi.de'),(50,'','','','',' 49 421 218 623','','ploshikhin@isemp.de'),(51,'Gottlieb-Keim-Straße ','60','95448','http://www.new-materials.de','+49 921 507 360','+49 921 507 361 99 ',''),(52,'Hermann-Köhl-Str. ','7','28199 ','www.aviabelt.de','0421 9601290','','christine.schlenker@aviabelt.de'),(53,'Beim neuen Damm','21','28865','http://www.bwm-gmbh.de','+49 4298-9067-0','+49 4298-9067-275',''),(54,'Riedemannstr.','1','27572','www.weserwind.de','+49 471 80931 0','+49 471 80931 100','info@weserwind.de'),(55,'Am Knick','4','28777','http://www.haindl-kunststoff.de','+49 421 69013 0','+49 421 69013 13','info@haindl-kunststoff.de'),(56,'Oppenheimerstr.','30','28307','http://www.akon-cad.de',' 49 421 32263 6',' 49 421 32263 70','info@akon-cad.de '),(57,'Hermann-Blohm-Straße','3','20457 ','','+49 40 3119 0','+49 40 3119 3333',''),(58,'Wiener Straße','12','28359','www.isis.uni-bremen.de','+49 421 5665 409','+49 421 5665 499',''),(59,'','','','www.bmwi.de/','','',''),(60,'','','','http://www.home-of-innovation.de/de/bremen','','',''),(61,'','','','www.bmbf.de','','',''),(62,'','','','www.bmu.de','','',''),(63,'','','','www.bmvbs.de','','',''),(64,'','','','www.ewe.de','','',''),(65,'','','','fva-net.de/home','','',''),(66,'','','','www.dfg.de','','',''),(67,'','','','www.zim-bmwi.de/','','',''),(68,'','','','',' 49 421 218 511 53','','garbrecht@iwt.uni-bremen.de'),(69,'','','','',' 49 421 2246-242',' 49 421 2246-300','gerald.rausch@ifam.fraunhofer.de'),(70,'Getreidestrasse 16-18','18','28209','www.eventfive.de','','','info@eventfive.de'),(74,'','','','http://www.faserinstitut.de/forschungs-projekte/4-automath-automatisierte-prozesskette-fr-die-massenfertigung-faserverstrkter-thermoplastbauteile','0421 218-58665','','peters@faserinstitut.de'),(75,'','','','','0421 218-58040','','seefeld@bias.de'),(76,'','','','','0421 4195712','','eberhard.karbe@daimler.com'),(77,'Mercedesstr.','1','28309','www.mercedes-benz.de/kundencenter-bremen','','',''),(78,'','','','','0421 5665-408','','dirk.lehmhus@uni-bremen.de'),(79,'Airbus-Allee','2','28199','www.p3voith.com/de/','0421 / 558364-370','0421 / 558364-420',''),(80,'Am Fallturm','11','28359','http://www.marcam.de','0421 944074-30','','info@marcam.de'),(81,'','','','','0421 218-2789','','rki¬enzler@uni-bremen.de'),(82,'Bad­ga­steiner Str.','1','28359','www.bime.de','','',''),(83,'Linzer Straße','13','28359','www.bimaq.de','0421 218-64601','0421 218-64670','info@bimaq.de'),(84,'','','','','0421 21850084','','baa@biba.uni-bremen.de'),(85,'Richard-Taylor-Str.','89','28777','http://www.thyssenkrupp-systemengineering.com','0421/6888-0','0421 6888-3099','systemengineering@thyssenkrupp.com'),(86,'','','','','0421 68885000','','joerg.bunke@thyssenkrupp.com'),(87,'','','','','0421 21858656','','evers@faserinstitut.de'),(88,'Stahlstr','1-5','26215','http://www.broetje-automation.de','04402 966-0','04402 966-290','info@broetje-automation.de'),(89,'','','','','0421 218-58659','','schubert@faserinstitut.de'),(90,'','','','','0421 218-58680','','christ@faserinstitut.de'),(91,'','','','','0421 218-58654','','miene@faserinstitut.de'),(92,'Auf der Höhe','15','28357','http://www.optoprecision.de/','0421 94961-10','0421 94961-99','info@optoprecision.de'),(93,'','','','','0421 538-5826','','Hubertus.Lohner@airbus.com'),(94,'Wiener Str.','12','28359','http://www.technologiebroker.de','0421 538-5200 ','0421 538-5203','info@technologiebroker.de'),(95,'','','','','0421 218-58126','','huke@bias.de'),(96,'','','','','0421 6901327','','j.rohpeter@haindl-kunststoff.de'),(97,'','','','','0421 218-64944','','mimenima@uni-bremen.de');
/*!40000 ALTER TABLE `contact` ENABLE KEYS */;
UNLOCK TABLES;

--
-- Table structure for table `contact_local`
--

DROP TABLE IF EXISTS `contact_local`;
/*!40101 SET @saved_cs_client     = @@character_set_client */;
/*!40101 SET character_set_client = utf8 */;
CREATE TABLE `contact_local` (
  `id` int(8) NOT NULL AUTO_INCREMENT,
  `contact` int(8) NOT NULL,
  `language` int(8) NOT NULL,
  `name` varchar(256) COLLATE utf8_unicode_ci NOT NULL,
  `department` varchar(128) COLLATE utf8_unicode_ci NOT NULL,
  `city` varchar(128) COLLATE utf8_unicode_ci NOT NULL,
  `country` varchar(128) COLLATE utf8_unicode_ci NOT NULL,
  PRIMARY KEY (`id`),
  KEY `contact` (`contact`),
  KEY `language` (`language`),
  CONSTRAINT `contact_local_ibfk_3` FOREIGN KEY (`contact`) REFERENCES `contact` (`id`) ON DELETE CASCADE ON UPDATE NO ACTION,
  CONSTRAINT `contact_local_ibfk_4` FOREIGN KEY (`language`) REFERENCES `language` (`id`) ON DELETE NO ACTION ON UPDATE NO ACTION
) ENGINE=InnoDB AUTO_INCREMENT=102 DEFAULT CHARSET=utf8 COLLATE=utf8_unicode_ci;
/*!40101 SET character_set_client = @saved_cs_client */;

--
-- Dumping data for table `contact_local`
--

LOCK TABLES `contact_local` WRITE;
/*!40000 ALTER TABLE `contact_local` DISABLE KEYS */;
INSERT INTO `contact_local` VALUES (1,1,1,'Premium AEROTEC GmbH','','Bremen','Deutschland'),(2,2,1,' Axel Deterts','PAG (PONB)','',''),(3,3,1,' Sarah Münzberg','PONB','',''),(4,4,1,'Airbus Operations GmbH','','Bremen','Deutschland'),(5,5,1,' Dr. Burkhard Gölling','Airbus - ETDG','',''),(6,6,1,' Dr. Kai Brüggemann','Airbus Operations GmbH','',''),(7,7,1,'BIAS – Bremer Institut für angewandte Strahltechnik GmbH','','Bremen','Deutschland'),(8,8,1,' Prof. Dr.-Ing. Frank Vollertsen','','',''),(9,9,1,' Prof. Dr. rer. nat. Ralf Bergmann','','',''),(10,10,1,'Deutsches Forschungszentrum für Künstliche Intelligenz (DFKI) GmbH','','Bremen','Deutschland'),(11,11,1,' Prof. Dr. Frank Kirchner','Direktor DFKI  Robotics Innovation Center','',''),(12,12,1,' Dr. Marc Ronthaler','Stellv. Direktor DFKI Robotics Innovation Center','',''),(13,13,1,'IFAM – Fraunhofer-Institut für Fertigungstechnik und Angewandte Materialforschung','','Bremen','Deutschland'),(14,14,1,' Anne-Grete Becker','IFAM: PR Klebtechnik und Oberflächen','',''),(15,15,1,' Martina Ohle','PR Formgebung und Funktionswerkstoffe','',''),(16,16,1,'ISEMP - Airbus Stiftungsprofessur für Integrative Simulation und Engineering von Materialien und Prozessen','','Bremen','Deutschland'),(17,17,1,' Jan-Patrick Jürgens','Manufacturing and Properies of Composites','',''),(18,18,1,' Nils Keller','Additive Layer Manufacturing and Joining','',''),(19,19,1,'IWT – Stiftung Institut für Werkstofftechnik','','Bremen','Deutschland'),(20,20,1,' Prof. Dr.-Ing. Hans-Werner Zoch','Geschäftsführender Leiter','',''),(21,21,1,' Dr.-Ing. Rainer Tinscher','Werkstofftechnik - WT','',''),(22,22,1,'KAEFER Isoliertechnik GmbH & Co. KG','','Bremen','Deutschland'),(23,23,1,' Francisca Gorgodian','Kaefer','',''),(24,24,1,' Marin Schouten ','Kaefer','',''),(25,25,1,'TZI – Technologie-Zentrum Informatik und Informationstechnologie','','Bremen','Deutschland'),(26,26,1,' Dr. Michael Boronowsky','Geschäftsstelle','',''),(27,27,1,'BIBA – Bremer Institut für Produktion und Logistik GmbH','Universität Bremen','Bremen','Deutschland'),(28,28,1,' Prof. Dr.-Ing. Klaus Dieter Thoben','IKAP','',''),(29,29,1,' Dr. Sylvie Gavirey','Controlling','',''),(30,30,1,'BIK – Institut für integrierte Produktentwicklung','Universität Bremen','Bremen','Deutschland'),(32,32,1,' Dipl.-Ing. Thorsten Tietjen','BIK','',''),(33,33,1,'FIBRE – Faserinstitut Bremen e.V.','','Bremen','Deutschland'),(34,34,1,' André Stieglitz','FIBRE: Faserverbund Struktur- und Verfahrensentwicklung','',''),(35,35,1,' Christoph Hoffmeister','FIBRE: Institutsleitung','',''),(36,36,1,'Universität Bremen','','Bremen','Deutschland'),(37,37,1,' Derk Schönfeld, MBA','Transfer und Externe Partner','',''),(38,38,1,' Dr. Martin Heinlein','Transfer und Externe Partner','',''),(39,39,1,' Gaby Soehner','PONB12','',''),(40,40,1,' Dipl.-Wi.-Ing. Martin Rolbiecki','BIK','',''),(41,41,1,' Dr. Carl Hans','','',''),(42,42,1,' Dipl.-Phys. Christian König','BIK','',''),(43,43,1,' Dipl.-Wi.-Ing. Jan-Hendrik Ohlendorf','BIK','',''),(44,44,1,' Dr. Thomas Vögele','','',''),(45,45,1,' Dr. Stefan Bosse','FB 3 AG Robotik','',''),(46,46,1,' Peter Kampmann','Robotics Innovation Center','',''),(47,47,1,'IPMI – Institut für Projektmanagement und Innovation ','','Bremen','Deutschland'),(48,48,1,' Prof. Dr. Martin G. Möhrle','','',''),(49,49,1,'InnoWi GmbH','','Bremen','Deutschland'),(50,50,1,' Prof. Dr.-Ing Vasily Ploshikhin','','',''),(51,51,1,'Neue Materialien Bayreuth GmbH','','Bayreuth','Deutschland'),(52,52,1,' Christine Schlenker','AVIABELT','Bremen','Deutschland'),(53,53,1,'Bremer Werk für Montagesysteme','','Lilienthal','Deutschland'),(54,54,1,'WeserWind GmbH ','','Bremerhaven','Deutschland'),(55,55,1,'Haindl Kunststoffverarbeitung GmbH','','Bremen','Deutschland'),(56,56,1,'AKON-CAD','','Bremen','Deutschland'),(57,57,1,'TKMS Blohm + Voss Nordseewerke','','',''),(58,58,1,'ISIS Sensorial Materials','','Bremen','Deutschland'),(60,59,1,'BMWI','','',''),(62,60,1,'Land Bremen','','',''),(64,61,1,'BMBF','','',''),(65,62,1,'BMU','','',''),(66,63,1,'BMVBS','','',''),(67,64,1,'EWE','Oldenburg','',''),(68,65,1,'FVA Frankfurt','','',''),(69,66,1,'DFG','','',''),(70,67,1,'ZIM','','',''),(71,68,1,' Dr.-Ing. Martin Garbrecht','','',''),(72,69,1,' Dr.-Ing. Gerald Rausch','','',''),(73,70,1,'eventfive GmbH','','Bremen','Deutschland'),(78,74,1,' Christian Peters','FIBRE: Thermoplastische Composites','',''),(79,75,1,' Dr. Thomas Seefeld','BIAS - Bremer Institut für angewandte Strahltechnik GmbH','',''),(80,76,1,' Dr. Eberhard Karbe','Mercedes Werk Bremen','',''),(81,77,1,'Mercedes-Benz Werk Bremen','Daimler AG','Bremen','D'),(82,78,1,' Dr. Dirk Lehmhus','ISIS ','',''),(83,79,1,'P3 Voith Aerospace GmbH','','Bremen','D'),(84,80,1,'Marcam Engineering GmbH','','Bremen','D'),(85,81,1,' Prof. Dr.-Ing. Reinhold Kienzler','BIME','',''),(86,82,1,'BIME – Bremer Institut für Strukturmechanik und Produktionsanlagen','','Bremen','D'),(87,83,1,'BIMAQ – Bremer Institut für Messtechnik, Automatisierung und Qualitätswissenschaft','','D','Bremen'),(88,84,1,' Jannicke Baalsrud Hauge','BIBA','',''),(89,85,1,'ThyssenKrupp System Engineering GmbH','Bremen','Bremen','D'),(90,86,1,' Dr. Jörg Bunke','TK Aerospace','',''),(91,87,1,' Jan Frederik Evers','FIBRE','',''),(92,88,1,'Brötje-Automation GmbH','','Wiefelstede','D'),(93,89,1,' Konstantin Schubert','FIBRE','',''),(94,90,1,' Mirko Christ','FIBRE','',''),(95,91,1,' Dr. Andrea Miene','','',''),(96,92,1,'OptoPrecision GmbH','','Bremen','D'),(97,93,1,' Dr. Hubertus Lohner','Airbus','',''),(98,94,1,'TBB – Technologiebroker Bremen GmbH','','Bremen','D'),(99,95,1,' Dr.-Ing. Philipp Huke','BIAS','',''),(100,96,1,' Jens Rohpeter','Haindl','',''),(101,97,1,' Dr. Michaela Wilhelm','Uni Bremen / Mimenima','','');
/*!40000 ALTER TABLE `contact_local` ENABLE KEYS */;
UNLOCK TABLES;

--
-- Table structure for table `contact_media`
--

DROP TABLE IF EXISTS `contact_media`;
/*!40101 SET @saved_cs_client     = @@character_set_client */;
/*!40101 SET character_set_client = utf8 */;
CREATE TABLE `contact_media` (
  `id` int(11) NOT NULL AUTO_INCREMENT,
  `contact` int(11) NOT NULL,
  `media` int(11) NOT NULL,
  PRIMARY KEY (`id`),
  KEY `contact` (`contact`),
  KEY `media` (`media`),
  KEY `contact_2` (`contact`),
  KEY `media_2` (`media`),
  CONSTRAINT `contact_media_ibfk_1` FOREIGN KEY (`contact`) REFERENCES `contact` (`id`) ON DELETE CASCADE ON UPDATE NO ACTION,
  CONSTRAINT `contact_media_ibfk_2` FOREIGN KEY (`media`) REFERENCES `media` (`id`) ON DELETE CASCADE ON UPDATE NO ACTION
) ENGINE=InnoDB DEFAULT CHARSET=utf8 COLLATE=utf8_unicode_ci;
/*!40101 SET character_set_client = @saved_cs_client */;

--
-- Dumping data for table `contact_media`
--

LOCK TABLES `contact_media` WRITE;
/*!40000 ALTER TABLE `contact_media` DISABLE KEYS */;
/*!40000 ALTER TABLE `contact_media` ENABLE KEYS */;
UNLOCK TABLES;

--
-- Table structure for table `language`
--

DROP TABLE IF EXISTS `language`;
/*!40101 SET @saved_cs_client     = @@character_set_client */;
/*!40101 SET character_set_client = utf8 */;
CREATE TABLE `language` (
  `id` int(8) NOT NULL AUTO_INCREMENT,
  `name` varchar(64) COLLATE utf8_unicode_ci NOT NULL,
  `display_name` varchar(64) COLLATE utf8_unicode_ci NOT NULL,
  PRIMARY KEY (`id`)
) ENGINE=InnoDB AUTO_INCREMENT=3 DEFAULT CHARSET=utf8 COLLATE=utf8_unicode_ci;
/*!40101 SET character_set_client = @saved_cs_client */;

--
-- Dumping data for table `language`
--

LOCK TABLES `language` WRITE;
/*!40000 ALTER TABLE `language` DISABLE KEYS */;
INSERT INTO `language` VALUES (1,'de','Deutsch'),(2,'en','English');
/*!40000 ALTER TABLE `language` ENABLE KEYS */;
UNLOCK TABLES;

--
-- Table structure for table `media`
--

DROP TABLE IF EXISTS `media`;
/*!40101 SET @saved_cs_client     = @@character_set_client */;
/*!40101 SET character_set_client = utf8 */;
CREATE TABLE `media` (
  `id` int(8) NOT NULL AUTO_INCREMENT,
  `type` enum('audio','image','video','binary') COLLATE utf8_unicode_ci NOT NULL,
  `owner` enum('contact','project','partner') COLLATE utf8_unicode_ci NOT NULL,
  `owner_id` int(8) NOT NULL,
  `file_size` int(32) NOT NULL,
  `source_uri` varchar(512) COLLATE utf8_unicode_ci NOT NULL,
  PRIMARY KEY (`id`)
) ENGINE=InnoDB AUTO_INCREMENT=134 DEFAULT CHARSET=utf8 COLLATE=utf8_unicode_ci;
/*!40101 SET character_set_client = @saved_cs_client */;

--
-- Dumping data for table `media`
--

LOCK TABLES `media` WRITE;
/*!40000 ALTER TABLE `media` DISABLE KEYS */;
INSERT INTO `media` VALUES (1,'image','partner',1,584874,'/media/image/partner/1_aerotec_logo.jpg'),(2,'image','partner',2,82295,'/media/image/partner/2_airbus_1.jpg'),(3,'image','partner',2,41499,'/media/image/partner/2_airbus_painted riblets.jpg'),(4,'image','partner',2,50924,'/media/image/partner/2_airbus_simulation galvanic corrosion.jpg'),(5,'image','partner',2,53307,'/media/image/partner/2_airbus_wear_resistant_coatings.jpg'),(6,'image','partner',2,77347,'/media/image/partner/2_airbus_wire_concept_for_Al-FRP_connection.jpg'),(7,'image','partner',2,68180,'/media/image/partner/2_airbus_wire_concept.jpg'),(8,'image','partner',3,39767,'/media/image/partner/3_bias_logo.jpg'),(9,'image','partner',4,38868,'/media/image/partner/4_dfki.jpg'),(10,'image','partner',5,582301,'/media/image/partner/5_Fraunhofer.jpg'),(11,'image','partner',6,34801,'/media/image/partner/6_ISEMP_logo.jpg'),(12,'image','partner',6,69352,'/media/image/partner/6_ISEMP_people.jpg'),(13,'image','partner',6,116170,'/media/image/partner/6_ISEMP_simulation_cfk.jpg'),(14,'image','partner',6,73674,'/media/image/partner/6_ISEMP-Simulationen-FirePores.jpg'),(15,'image','partner',6,70832,'/media/image/partner/6_ISEMP-People_2.jpg'),(16,'image','partner',7,65587,'/media/image/partner/7_IWT_1.jpg'),(17,'image','partner',7,82140,'/media/image/partner/7_IWT_2.jpg'),(18,'image','partner',7,586398,'/media/image/partner/7_IWT_3.jpg'),(19,'image','partner',8,29752,'/media/image/partner/8_kaefer_logo.jpg'),(20,'image','partner',8,32223,'/media/image/partner/8_kaefer_safety.jpg'),(21,'image','partner',9,33412,'/media/image/partner/9_TZI.jpg'),(22,'image','partner',10,30056,'/media/image/partner/10_BIBA.jpg'),(23,'image','partner',11,55531,'/media/image/partner/11_BIK_Logo.jpg'),(24,'image','partner',12,57612,'/media/image/partner/12_fibre.jpg'),(25,'image','partner',13,6638,'/media/image/partner/13_uni.jpg'),(26,'video','partner',4,18132057,'/media/video/partner/dfki_imagefilm.f4v'),(27,'video','partner',8,6428547,'/media/video/partner/kaefer.f4v'),(28,'image','project',1,43393,'/media/image/project/1_automath_campus.jpg'),(29,'image','project',2,31135,'/media/image/project/2_br_lasertechnik.jpg'),(30,'image','project',2,18645,'/media/image/project/2_centr_ai.jpg'),(31,'image','project',2,23095,'/media/image/project/2_dscn.jpg'),(32,'image','project',2,68969,'/media/image/project/2_kornfeinung_mikro.jpg'),(33,'image','project',2,35129,'/media/image/project/2_laserschweissen.jpg'),(34,'image','project',9,19687,'/media/image/project/9_dfki_aila.jpg'),(35,'image','project',9,31788,'/media/image/project/9_dfki_aila2.jpg'),(36,'image','project',25,28846,'/media/image/project/25_IWT_info_sys.jpg'),(37,'image','project',26,21215,'/media/image/project/26_intelligente_werkzeuge.jpg'),(38,'image','project',26,19827,'/media/image/project/26_intelligente_werkzeuge2.jpg'),(39,'image','project',26,68011,'/media/image/project/26_intelligente_werkzeuge3.jpg'),(40,'image','project',27,97353,'/media/image/project/27_innospice.jpg'),(41,'image','project',3,33789,'/media/image/project/3_cs_fap.jpg'),(42,'image','project',4,30969,'/media/image/project/4_hit.jpg'),(43,'image','project',5,41540,'/media/image/project/5_leise.jpg'),(44,'image','project',6,41813,'/media/image/project/6_lar.jpg'),(45,'image','project',7,34651,'/media/image/project/7_mapretec.jpg'),(46,'image','project',8,38022,'/media/image/project/8_power_vr.jpg'),(47,'image','project',9,19687,'/media/image/project/9_dfki_aila.jpg'),(48,'image','project',9,31788,'/media/image/project/9_dfki_aila2.jpg'),(49,'image','project',10,44897,'/media/image/project/10_nemoland.jpg'),(50,'image','project',11,32904,'/media/image/project/11_energy.jpg'),(51,'image','project',12,26659,'/media/image/project/12_greifer1.jpg'),(52,'image','project',12,49097,'/media/image/project/12_greifer2.jpg'),(53,'image','project',13,43875,'/media/image/project/13_intelligente_strukturen.jpg'),(54,'image','project',14,39286,'/media/image/project/14_moduact.jpg'),(55,'image','project',15,37574,'/media/image/project/15_see_grip.jpg'),(56,'image','project',15,28292,'/media/image/project/15_see_grip2.jpg'),(57,'image','project',15,38081,'/media/image/project/15_see_grip3.jpg'),(59,'image','project',17,43125,'/media/image/project/17_patentlandschaft.jpg'),(60,'image','project',18,35772,'/media/image/project/18_innovationsmanagment.jpg'),(61,'image','project',19,27523,'/media/image/project/19_strategiefoerderung.jpg'),(62,'image','project',20,97505,'/media/image/project/20_mapel.jpg'),(63,'image','project',20,40990,'/media/image/project/20_mapel1.jpg'),(64,'image','project',21,36922,'/media/image/project/21_alm.jpg'),(65,'image','project',21,37144,'/media/image/project/21_alm2.jpg'),(66,'image','project',22,33123,'/media/image/project/22_proint.jpg'),(67,'image','project',24,75594,'/media/image/project/24_simcus.jpg'),(68,'image','project',25,28846,'/media/image/project/25_IWT_info_sys.jpg'),(69,'image','project',28,45592,'/media/image/project/28_2.jpg'),(70,'image','project',28,48371,'/media/image/project/28.jpg'),(71,'image','project',30,34520,'/media/image/project/30_aviabelt.jpg'),(72,'image','project',30,23115,'/media/image/project/30_aviabelt_1.jpg'),(73,'image','project',29,48151,'/media/image/project/29_campuslive.jpg'),(74,'image','partner',23,23007,'/media/image/partner/23_isis.jpg'),(75,'image','project',31,80577,'/media/image/project/31_wabenkern.jpg'),(111,'image','',0,39514,'/media/image/media_111.jpg'),(112,'image','',0,44880,'/media/image/media_112.jpg'),(114,'image','',0,17785,'/media/image/media_114.jpg'),(115,'image','',0,7179,'/media/image/media_115.jpg'),(116,'image','',0,14497,'/media/image/media_116.png'),(117,'image','',0,96273,'/media/image/media_117.jpg'),(118,'image','',0,54026,'/media/image/media_118.jpg'),(119,'image','',0,17742,'/media/image/media_119.jpg'),(120,'image','',0,6414,'/media/image/media_120.jpg'),(121,'image','',0,169293,'/media/image/media_121.jpg'),(122,'image','',0,10516,'/media/image/media_122.jpg'),(123,'image','',0,2385,'/media/image/media_123.jpg'),(133,'image','',0,387081,'/media/image/media_133.jpg');
/*!40000 ALTER TABLE `media` ENABLE KEYS */;
UNLOCK TABLES;

--
-- Table structure for table `media_local`
--

DROP TABLE IF EXISTS `media_local`;
/*!40101 SET @saved_cs_client     = @@character_set_client */;
/*!40101 SET character_set_client = utf8 */;
CREATE TABLE `media_local` (
  `id` int(8) NOT NULL AUTO_INCREMENT,
  `media` int(8) NOT NULL,
  `language` int(8) NOT NULL,
  `title` varchar(256) COLLATE utf8_unicode_ci NOT NULL,
  `description` varchar(256) COLLATE utf8_unicode_ci NOT NULL,
  PRIMARY KEY (`id`),
  KEY `language` (`language`),
  KEY `media` (`media`),
  CONSTRAINT `media_local_ibfk_3` FOREIGN KEY (`media`) REFERENCES `media` (`id`) ON DELETE CASCADE ON UPDATE NO ACTION,
  CONSTRAINT `media_local_ibfk_4` FOREIGN KEY (`language`) REFERENCES `language` (`id`) ON DELETE NO ACTION ON UPDATE NO ACTION
) ENGINE=InnoDB AUTO_INCREMENT=139 DEFAULT CHARSET=utf8 COLLATE=utf8_unicode_ci;
/*!40101 SET character_set_client = @saved_cs_client */;

--
-- Dumping data for table `media_local`
--

LOCK TABLES `media_local` WRITE;
/*!40000 ALTER TABLE `media_local` DISABLE KEYS */;
INSERT INTO `media_local` VALUES (3,1,1,'Premium Aerotec Logo',''),(5,2,1,'Airbus',''),(7,3,1,'Airbus Painted Riblets',''),(8,4,1,'Airbus Simulation Galvanic Corrosion',''),(9,5,1,'Airbus Wear Resistant Coatings',''),(10,6,1,'Airbus Wire Concept for Al-FRP Connection',''),(11,7,1,'Wire Concept',''),(12,8,1,'BIAS Logo',''),(13,9,1,'DFKI Logo',''),(14,10,1,'Fraunhofer Logo',''),(15,11,1,'ISEMP Logo',''),(16,12,1,'ISEMP People',''),(17,13,1,'ISEMP Simulation CFK',''),(18,14,1,'ISEMP Simulationen Fire Pores',''),(19,15,1,'ISEMP People',''),(20,16,1,'IWT Gebaeude',''),(21,17,1,'IWT Technologiepark',''),(22,18,1,'IWT Logo',''),(23,19,1,'Kaefer Logo',''),(24,20,1,'Kaefer Safety',''),(25,21,1,'TZI Logo',''),(26,22,1,'BIBA Logo',''),(27,23,1,'BIK Logo',''),(28,24,1,'FIBRE Logo',''),(30,25,1,'Uni Logo',''),(31,26,1,'DFKI Imagefilm',''),(32,27,1,'Kaefer Imagefilm',''),(34,28,1,'Premium Aerotec automath_campus',''),(35,29,1,'centr_ai br lasertechnik',''),(40,30,1,'centr_ai',''),(43,31,1,'centr_ai dscn',''),(44,32,1,'centr_ai',''),(46,33,1,'centr_ai',''),(47,34,1,'DFKI AILA 2',''),(48,35,1,'DFKI AILA 1',''),(49,36,1,'IWT InfoSys',''),(50,37,1,'',''),(51,38,1,'',''),(52,39,1,'',''),(53,40,1,'',''),(54,41,1,'CS-FAP',''),(55,42,1,'BIK HIT',''),(56,43,1,'BIK LeiSe',''),(57,44,1,'BIK LAR',''),(58,45,1,'',''),(60,46,1,'BIK POWER-VR',''),(61,47,1,'DFKI AILA 4',''),(62,48,1,'DFKI AILA 3',''),(63,49,1,'DFKI EO Smart',''),(65,50,1,'',''),(66,51,1,'DFKI Greifer ',''),(67,52,1,'DFKI Crawler',''),(68,53,1,'',''),(69,54,1,'Uni Bremen ModuACT',''),(70,55,1,'DFKI Greifer',''),(72,56,1,'',''),(73,57,1,'',''),(75,59,1,'',''),(76,60,1,'IPMI Inno Energie',''),(78,61,1,'',''),(79,62,1,'ISEMP Multi-scale',''),(80,63,1,'ISEMP Multi-scale',''),(82,64,1,'ISEMP InSiGen',''),(84,65,1,'ISEMP InSiGen',''),(85,66,1,'ISEMP Neues generatives Verfahren',''),(86,67,1,'',''),(88,68,1,'IWT InfoSys',''),(90,69,1,'Uni Bremen Multi-Agenten',''),(91,70,1,'Uni Bremen Multi-Agenten',''),(92,71,1,'Aviabelt Image',''),(93,72,1,'Aviabelt Logo',''),(94,73,1,'',''),(95,74,1,'ISIS Logo',''),(96,75,1,'Wabenkern',''),(125,111,1,'LightMAT 2013',''),(126,112,1,'WFB Kontorhaus',''),(128,114,1,'2013 DGLRK',''),(129,115,1,'IFAM MultiMaT Logo',''),(130,116,1,'BIAS Qualitätskleben',''),(131,117,1,'Mimenima Logo',''),(132,118,1,'2012 ILA EcoMAT',''),(133,119,1,'2014 ITHEC',''),(134,120,1,'DGLR Logo',''),(135,121,1,'2013 DGLR Bremen',''),(136,122,1,'2014 SysInt (ISIS)',''),(137,123,1,'2013 ECG (IWT)',''),(138,57,2,'test','');
/*!40000 ALTER TABLE `media_local` ENABLE KEYS */;
UNLOCK TABLES;

--
-- Table structure for table `news`
--

DROP TABLE IF EXISTS `news`;
/*!40101 SET @saved_cs_client     = @@character_set_client */;
/*!40101 SET character_set_client = utf8 */;
CREATE TABLE `news` (
  `id` int(11) NOT NULL AUTO_INCREMENT,
  `date` date NOT NULL,
  `contact` int(11) NOT NULL DEFAULT '0',
  `link_url` text COLLATE utf8_unicode_ci NOT NULL,
  PRIMARY KEY (`id`)
) ENGINE=InnoDB AUTO_INCREMENT=9 DEFAULT CHARSET=utf8 COLLATE=utf8_unicode_ci;
/*!40101 SET character_set_client = @saved_cs_client */;

--
-- Dumping data for table `news`
--

LOCK TABLES `news` WRITE;
/*!40000 ALTER TABLE `news` DISABLE KEYS */;
INSERT INTO `news` VALUES (4,'2012-12-21',0,''),(5,'2012-09-20',0,''),(6,'2013-04-23',21,'http://www.iwt-bremen.de/presseaktuelles/2013/forschung-im-dienst-der-ressourcenschonung-iwt-bremen-erhaelt-honorary-award.html'),(7,'2013-06-26',0,'http://www.senatspressestelle.bremen.de/sixcms/detail.php?gsid=bremen02.c.730.de'),(8,'2013-10-02',0,'');
/*!40000 ALTER TABLE `news` ENABLE KEYS */;
UNLOCK TABLES;

--
-- Table structure for table `news_local`
--

DROP TABLE IF EXISTS `news_local`;
/*!40101 SET @saved_cs_client     = @@character_set_client */;
/*!40101 SET character_set_client = utf8 */;
CREATE TABLE `news_local` (
  `id` int(11) NOT NULL AUTO_INCREMENT,
  `news` int(11) NOT NULL,
  `language` int(11) NOT NULL,
  `title` text COLLATE utf8_unicode_ci NOT NULL,
  `description` text COLLATE utf8_unicode_ci NOT NULL,
  `link_title` text COLLATE utf8_unicode_ci NOT NULL,
  PRIMARY KEY (`id`),
  KEY `language` (`language`),
  KEY `news` (`news`),
  CONSTRAINT `news_local_ibfk_1` FOREIGN KEY (`news`) REFERENCES `news` (`id`) ON DELETE CASCADE ON UPDATE NO ACTION,
  CONSTRAINT `news_local_ibfk_2` FOREIGN KEY (`language`) REFERENCES `language` (`id`) ON DELETE NO ACTION ON UPDATE NO ACTION
) ENGINE=InnoDB AUTO_INCREMENT=9 DEFAULT CHARSET=utf8 COLLATE=utf8_unicode_ci;
/*!40101 SET character_set_client = @saved_cs_client */;

--
-- Dumping data for table `news_local`
--

LOCK TABLES `news_local` WRITE;
/*!40000 ALTER TABLE `news_local` DISABLE KEYS */;
INSERT INTO `news_local` VALUES (4,4,1,'Zukunftsprojekt EcoMaT macht wichtigen Schritt','Airbus unterzeichnet die Absichtserklärung nun kann die Planungsphase starten.\nDas für den Luft- und Raumfahrtstandort Bremen zukunftsweisende Projekt „EcoMaT” ist einen bedeutenden Schritt vorangekommen: In Gegenwart von Wirtschaftssenator Martin Günthner haben am (heutigen) Donnerstag (20. Dezember 2012) die Airbus Operations GmbH und die WFB Wirtschaftsförderung Bremen GmbH eine Absichtserklärung über die Anmietung von Büro- und Lagerflächen im EcoMaT unterzeichnet. In Kombination mit einem zweiten Letter of Intent, den das Faserinstitut Bremen (FIBRE) bereits vergangene Woche unterschrieben hat, ergibt sich die für die weitere Umsetzung des Projekts erforderliche Vermietungskapazität von 80 Prozent. Damit kann die WFB jetzt in die nächste Planungsphase – Planverfahren und Architektenwettbewerb – einsteigen.\nDas EcoMat soll als Forschungs- und Technologiezentrum in direkter Nähe zu den Industriepartnern Airbus und Astrium sowie dem Flughafen Bremen errichtet werden und dort branchenübergreifend Kompetenzen im Bereich Leichtbau, Material und Prozesse ausbauen und stärker miteinander vernetzen. Das Investitionsvolumen wird auf insgesamt rund 40 Millionen Euro geschätzt, die Fertigstellung für 2016 angestrebt.\n„Ich freue mich sehr, dass dieses für Bremen und die Luft- und Raumfahrtindustrie so wichtige Vorhaben mit der Unterzeichnung der Vereinbarung ein wesentliches Stück vorangekommen ist“, sagte Wirtschaftssenator Günthner. Für Airbus unterzeichneten Günter Butschek, Chief Operating Officer (COO) von Airbus und Vorsitzender der Geschäftsführung von Airbus in Deutschland, und Dr. Kai Brüggemann, Standortleiter von Airbus in Bremen, die Erklärung. Ihnen sprach Senator Günthner seinen großen Dank für das damit erneut bewiesene Vertrauen in den Wirtschaftsstandort Bremen aus.\n„Wir sind stolz, mit diesem Engagement die Zukunftsfähigkeit unseres Standortes in Bremen weiter auszubauen. Denn Forschung und Entwicklung haben bei Airbus in Bremen lange Tradition und sind die Wurzeln des langfristigen Erfolgs von Airbus“, sagte Airbus-Standortleiter Dr. Kai Brüggemann. „Es ist für uns ein großer Erfolg, die Partner für dieses ehrgeizige Projekt jetzt an Bord zu haben und nun in die nächste Projektphase einsteigen zu können“, ergänzte Andreas Heyer, Vorsitzender der Geschäftsführung der WFB: „Mit dem EcoMat wird die Luft- und Raumfahrtbranche nicht nur hier in Bremen neue Impulse erhalten und eine neue Qualität erreichen.“',''),(5,5,1,'ILA 2012: Bremer Kompetenzen und EcoMaT auf dem norddeutschen Gemeinschaftsstand','Auf der ILA 2012 präsentierten Bremen und Hamburg ihre geballte Kompetenz auf einem rund 450 Quadratmeter großen Gemeinschaftsstand in Halle 3, Stand 3304. Die beiden Stadtstaaten – Leuchttürme der norddeutschen Luft- und Raumfahrt – vermarkten damit ihre Stärken gemeinsam auf internationalem Parkett.  Bremen und Hamburg demonstrierten mit insgesamt 24 hochkarätigen Ausstellern die geballte Kompetenzdichte an Weser und Elbe.\nDas EcoMaT sowie die Bremer Kompetenzen in Forschung und Entwicklung auf den Technologiefeldern Leichtbau und Werkstoffwissenschaften waren dabei ein elementarer Baustein des Gemeinschaftsstandes. Um diese Kompetenzen erfahrbar zu gestalten wurde eine interaktive EcoMaT-Ausstellungsfläche konzipiert, auf der Besucher nicht nur Innovative Materialein anfassen können, sondern auch interaktiv mehr über deren Herstellung und Verwendung erfahren. Wichtige Aussteller und Partner  in diesem Kontext waren aus der Wissenschaft das IWT, das IFAM, das FIBRE sowie von Seiten der Industrie Aljo, P3Voith und Altlas Air Service. \nOrganisiert wurde der gemeinsame Messeauftritt für die Hansestadt Bremen von der WFB Wirtschaftsförderung Bremen GmbH in Kooperation mit dem Branchennetzwerk AVIABELT Bremen e.V. und von Hanse-Aerospace e.V.  \n',''),(6,6,1,'IWT Bremen erhält ersten Honorary Award der Schaeffler FAG Stiftung','Schon die Ägypter machten sie sich beim Bau der Pyramiden zu Nutze: die Lagertechnik. Heute leisten Wälzlager, also Kugellager und Co., einen wichtigen Beitrag zur modernen Technik. Erst Wälzlager machen möglich, dass zum Beispiel in Windkraftanlagen fast „reibungslos“ Energie erzeugt und übertragen wird. Für weitere Verbesserungen auf dem Gebiet der Lagertechnik engagiert sich das Bremer Institut für Werkstofftechnik (IWT) seit vielen Jahren. Jetzt hat die Schaeffler FAG Stiftung des weltbekannten Lagerherstellers Schaeffler das IWT für sein jahrelanges Engagement und seine zukunftsweisenden Forschungsarbeiten ausgezeichnet.\nNeuer Honorary Award verliehen\nAm 23. April 2013 hat die Schaeffler FAG Stiftung erneut den Innovation Award für herausragende Dissertationen, Diplom-, Master- und Bachelorarbeiten und besondere schulische Projekte vergeben. Dabei gab es dieses Jahr etwas Neues: Zum ersten Mal und völlig überraschend für die Preisträger hat die Schaeffler FAG Stiftung auch einen Honorary Award verliehen - an das Bremer Institut für Werkstofftechnik und seine Mitarbeiterinnen und Mitarbeiter. „Mit dem Award werden langjährige exzellente Leistungen und Kompetenzen in Wissenschaft, Forschung und Lehre auf technisch-wissenschaftlichem Gebiet honoriert. Das IWT hat über viele Jahre hinweg die Schaeffler FAG Stiftung in ihrem Wettbewerb um den Innovation Award sehr erfolgreich unterstützt“, so der Text des Schreibens, in dem die Stiftung die Verleihung bekannt gegeben hat. Bei den früheren Wettbewerben der Stiftung sind seit 1995 insgesamt 14 Preisträger aus den Reihen des IWT hervorgegangen. Der Honorary Award ist dotiert mit 25.000 Eur und soll zukünftig alle zwei Jahre verliehen werden.\nInnovationen für Ressourcenschonung\n„Wir waren sehr überrascht über die Nachricht und freuen uns sehr über den Honorary Award und die mit ihm verbundene Auszeichnung der Forschung unserer Mitarbeiterinnen und Mitarbeiter“, sagt IWT- Geschäftsführer Professor Hans-Werner Zoch. „Unsere Kernaufgabe sehen wir darin, in Forschungsvorhaben der Grundlagen- und angewandten Wissenschaft Erkenntnisse zu erarbeiten, die als Innovationen Eingang vor allem in die Metallverarbeitung und -bearbeitung finden sollen. Wir freuen uns, wenn unsere Forschungsergebnisse bei Firmen wie der Schaeffler Gruppe zur Anwendung kommen.“\nDas IWT Bremen blickt auf eine mehr als 60-jährige Geschichte zurück. Heute ist es in Form einer Stiftung des privaten Rechts angesiedelt im Technologiepark Universität Bremen, angrenzend an den Uni-Campus. Alle drei Direktoren des IWT – neben Hans-Werner Zoch noch die Professoren Lutz Mädler und Ekkard Brinksmeier – sind gleichzeitig Hochschullehrer im Fachbereich Produktionstechnik – Maschinenbau und Verfahrenstechnik der Uni Bremen. Das Institut pflegt eine kooperative und produktive Zusammenarbeit mit der erst kürzlich mit dem Exzellenztitel ausgezeichneten Universität Bremen.  \n','Mehr Informationen'),(7,7,1,'EcoMaT: Kick-Off Projekt und Maßnahmenpaket für die Vorphase','Die Deputation für Wirtschaft, Arbeit und Häfen hat heute (26. Juni 2013) eine Reihe von Projekten in Bremen und Bremerhaven auf den Weg gebracht, die mit europäischen Mitteln aus dem EFRE-Programm finanziert werden. „Wir setzen klare Schwerpunkte bei den Themen Luft-und Raumfahrt, der maritimen Wirtschaft und der Offshore-Förderung“, so der Senator für Wirtschaft, Arbeit und Häfen, Martin Günthner. „Mit diesen Themen machen wir das Land Bremen wirtschaftlich fit für die Zukunft.“ \n\nIn der Airport Stadt soll in den kommenden Jahren mit dem EcoMaT ein Forschungs- und Entwicklungszentrum mit dem Schwerpunkt Luft- unfd Raumfahrt entstehen. Neben den Ankermietern Airbus und dem Faserinsitut FIBRE werden dort weitere Unternehmen einziehen, die an dem Thema Leichtbau und neue Materialien forschen und arbeiten. Insgesamt sollen im EcoMaT über 500 Mitarbeiter arbeiten. Derzeit werden für das von der WfB zu realisierende Projekt die Entwurfsplanung vorangetrieben. Als inhaltlichen Vorläufer hat die Deputation heute ein Gemeinschaftsprojekt zur Qualitätsicherung in der CFK-Förderung auf den Weg gebracht. Das auf 18 Monate angelegte Vorhaben wird mit knapp 1,2 Mio € aus dem EFRE-Topf finanziert. Hinzu kommen private Finanzierungen in Höhe von 660.000 €. \nDes Weiteren hat die Deputation ein Maßnahmepaket auf den Weg gebracht, mit dem erreicht werden soll, mittelständische Unternehmen in das EcoMaT-Netzwerk einzubinden. Hierzu sind spezielle Workshops, Informationsveranstaltungen und Coachingangebote vorgesehen. \n','Pressestelle des Senats'),(8,8,1,'Gelungener Entwurf für eine anspruchsvolle Aufgabe','Bremen, 2. Oktober 2013. Der Architektenwettbewerb ist abgeschlossen - das in der Airport-Stadt geplante Forschungszentrum EcoMaT gewinnt klare Konturen: In einem Neubau in der Nachbarschaft zum Airbus-Werk und zu Astrium sollen ab 2016 rund 500 Wissenschaftler und Techniker interdisziplinär und intersektoral im „Center for Eco-efficient Materials and Technologies“, kurz EcoMaT, zusammenarbeiten und den Austausch von Wissenschaft und Wirtschaft vorantreiben. Mit der Airbus Operations GmbH und dem Faserinstitut Bremen (FIBRE) haben zwei wichtige Akteure des neuen Forschungszentrums frühzeitig Absichtserklärungen unterzeichnet, um das rund 50 Millionen Euro umfassende Projekt auf den Weg bringen zu können; im Sommer hat die Wirtschaftsdeputation grünes Licht zur Unterstützung gegeben, jetzt ist mit dem Abschluss des Architektenwettbewerbes die nächste Phase zur Umsetzung eingeläutet worden. „EcoMaT ist ein Schlüsselprojekt um das Land Bremen an der Schnittstelle von Forschung und Wirtschaft noch stärker zu profilieren“, sagt Bremens Wirtschaftssenator Martin Günthner. „Wir können hier für die künftigen Entwicklungen der Luftfahrt, der Windindustrie und der Automobilwirtschaft zukunftsweisende Entwicklungen anstoßen. Der jetzt abgeschlossene Wettbewerb ist der nächste Meilenstein bei der Entwicklung dieses Zukunftsprojektes.“\nInsgesamt 15 Architekturbüros aus dem gesamten Bundesgebiet, darunter auch vier Bremer Büros, haben sich an dem Wettbewerb beteiligt, der von der WFB Wirtschaftsförderung Bremen GmbH im Auftrag der H.A.G.E. Grundstücksverwaltungsgesellschaft mbH europaweit ausgeschrieben und vom Bremer Architekturbüro Architekten FSB betreut worden ist. Am Dienstag (1. Oktober 2013) hat sich eine fachkundige Jury mit den eingereichten Entwürfen beschäftigt und schließlich ein einstimmiges Votum getroffen: Die Arbeit des Berliner Büros Hubert Staudt Architekten bda wurde mit dem 1. Preis ausgezeichnet. In der Begründung der Jury, die unter dem Vorsitz des Berliner Architekten Prof. Jörg Springer tagte, heißt es: „Die Arbeit formuliert einen prägnanten und ausgesprochen identitätsstiftenden Beitrag zur Aufgabenstellung. (…) Insgesamt ein gelungener Entwurf, der dem vielschichtigen Konzept EcoMaT den angemessenen Auftritt erlaubt.“ Senatsbaudirektorin Prof. Iris Reuther freut sich über das klare Votum der Jury für ein überzeugendes Architekturprojekt: „Die Aufgabe war anspruchsvoll. Zu entwerfen war ein Denkort der Wissensgesellschaft, ein markanter Standort in der Airportstadt, ein nachhaltiges und intelligentes Gebäude für Forschung, Wissenschaft und Produktion unter einem Dach.“ \nZwei 3. Plätze vergab die Jury an Arbeiten aus Leipzig (Schulz u. Schulz Architekten GmbH) und München (Nickl u. Partner); eine Anerkennung sprach sie dem Entwurf des Hamburger Büros gmp International aus. Dem Realisierungswettbewerb schließt sich jetzt das Verhandlungsverfahren mit den Preisträgern des Wettbewerbs an. Für die zweite Oktober-Hälfte ist eine öffentliche Präsentation aller eingereichten Entwürfe geplant. \nDas Zukunftsprojekt EcoMaT, das von der WFB Wirtschaftsförderung Bremen GmbH initiiert und betreut wird, ist bislang einmalig in seiner Ausrichtung. Primäres Ziel ist es, neue Technologien im Leichtbau, die neue Materialien, Fertigungstechniken, Oberflächen und Bauweisen betreffen, zu entwickeln und die Kompetenzen unter einem Dach zu bündeln. Von den gewonnenen Erkenntnissen soll nicht nur die Luft- und Raumfahrtbranche vor Ort profitieren. Auch in der Automobil- sowie der Windindustrie, im Anlagen- und Maschinenbau sowie im Schiffbau können die Forschungsergebnisse angewandt werden. „Wir setzen mit dem EcoMaT auf eine vielfältige Nutzung der Erkenntnisse. Vorrangig geht es insbesondere um einen lebendigen Technologietransfer, um dem Wirtschaftsstandort Bremen Wettbewerbsvorteile zu sichern“, erläutert Andreas Heyer, Vorsitzender der Geschäftsführung der WFB Wirtschaftsförderung Bremen GmbH: „Das EcoMaT ist ein Baustein, um Deutschland zum Vorreiter bei der Lösung globaler Herausforderungen zu machen.“\nHochleistungswerkstoffe und innovative Materialien wie beispielsweise verstärkte Kunststoffe werden im globalen Wettbewerb ebenso wie der metallische Leichtbau, funktionale Oberflächen und Beschichtungen eine zunehmende Rolle spielen. Durch die direkte Zusammenarbeit verschiedener Disziplinen und unterschiedlicher Branchen an einem Ort erhoffen sich die Unternehmen und Institute einen optimalen Austausch zwischen Wirtschaft und Wissenschaft, um gemeinsam anwendungsorientiert zukunftsweisende Fragestellungen zu lösen. Angefangen bei der Grundlagenforschung bis hin zu fertigen Produkten und Anwendungen. „Nicht nur die großen Unternehmen finden in dem neuen Center einen wissenschaftlichen Partner, wir richten uns auch ganz deutlich an die vielen hochinnovativ denkenden mittelständischen Unternehmen in Bremen“, sagt Heyer.\n','');
/*!40000 ALTER TABLE `news_local` ENABLE KEYS */;
UNLOCK TABLES;

--
-- Table structure for table `news_media`
--

DROP TABLE IF EXISTS `news_media`;
/*!40101 SET @saved_cs_client     = @@character_set_client */;
/*!40101 SET character_set_client = utf8 */;
CREATE TABLE `news_media` (
  `id` int(11) NOT NULL AUTO_INCREMENT,
  `news` int(11) NOT NULL,
  `media` int(11) NOT NULL,
  PRIMARY KEY (`id`),
  KEY `news` (`news`),
  KEY `media` (`media`),
  CONSTRAINT `news_media_ibfk_1` FOREIGN KEY (`news`) REFERENCES `news` (`id`) ON DELETE CASCADE ON UPDATE NO ACTION,
  CONSTRAINT `news_media_ibfk_2` FOREIGN KEY (`media`) REFERENCES `media` (`id`) ON DELETE CASCADE ON UPDATE NO ACTION
) ENGINE=InnoDB AUTO_INCREMENT=8 DEFAULT CHARSET=utf8 COLLATE=utf8_unicode_ci;
/*!40101 SET character_set_client = @saved_cs_client */;

--
-- Dumping data for table `news_media`
--

LOCK TABLES `news_media` WRITE;
/*!40000 ALTER TABLE `news_media` DISABLE KEYS */;
INSERT INTO `news_media` VALUES (3,4,112),(4,5,118),(5,6,16),(6,7,112),(7,8,112);
/*!40000 ALTER TABLE `news_media` ENABLE KEYS */;
UNLOCK TABLES;

--
-- Table structure for table `partner`
--

DROP TABLE IF EXISTS `partner`;
/*!40101 SET @saved_cs_client     = @@character_set_client */;
/*!40101 SET character_set_client = utf8 */;
CREATE TABLE `partner` (
  `id` int(8) NOT NULL AUTO_INCREMENT,
  `listable` tinyint(4) NOT NULL DEFAULT '1',
  `type` set('research','corporation','network_institution') COLLATE utf8_unicode_ci NOT NULL,
  `latitude` double NOT NULL,
  `longitude` double NOT NULL,
  `contact` int(8) NOT NULL,
  `contact_person1` int(8) NOT NULL,
  `contact_person2` int(8) NOT NULL,
  `branch` set('aerospace','automotive_industry','shipbuilding','machine_building','wind_energy','other') COLLATE utf8_unicode_ci NOT NULL,
  `technology` set('light_construction','rugged_design','light_construction_material','functional_surface') COLLATE utf8_unicode_ci NOT NULL,
  PRIMARY KEY (`id`)
) ENGINE=InnoDB AUTO_INCREMENT=38 DEFAULT CHARSET=utf8 COLLATE=utf8_unicode_ci;
/*!40101 SET character_set_client = @saved_cs_client */;

--
-- Dumping data for table `partner`
--

LOCK TABLES `partner` WRITE;
/*!40000 ALTER TABLE `partner` DISABLE KEYS */;
INSERT INTO `partner` VALUES (1,1,'corporation',40,56,1,2,3,'aerospace','light_construction_material'),(2,1,'corporation',39,55,4,5,93,'aerospace,machine_building','light_construction,rugged_design,light_construction_material,functional_surface'),(3,1,'research',46,43,7,8,9,'aerospace,automotive_industry,shipbuilding,machine_building','light_construction,rugged_design,light_construction_material,functional_surface'),(4,1,'research',48,42,10,11,12,'aerospace,automotive_industry,shipbuilding,wind_energy','light_construction,light_construction_material,functional_surface'),(5,1,'research',46,42,13,14,15,'aerospace,automotive_industry,shipbuilding,machine_building,wind_energy','light_construction,rugged_design,light_construction_material,functional_surface'),(6,1,'research',48,43,16,17,18,'aerospace','rugged_design,light_construction_material'),(7,1,'research',45,43,19,20,21,'aerospace,automotive_industry,machine_building,wind_energy','light_construction_material,functional_surface'),(8,1,'corporation',42,50,22,23,24,'shipbuilding','light_construction'),(9,1,'research',48,44,25,26,0,'',''),(10,1,'research',46,42,27,28,29,'aerospace,automotive_industry,machine_building,wind_energy','light_construction,rugged_design,light_construction_material'),(11,1,'research',46,42,30,41,32,'aerospace,automotive_industry,shipbuilding,machine_building,wind_energy','light_construction,rugged_design,light_construction_material,functional_surface'),(12,1,'research',45,43,33,34,35,'aerospace,automotive_industry,machine_building,wind_energy','light_construction,rugged_design,light_construction_material'),(13,1,'research',46,43,36,37,38,'aerospace,automotive_industry,machine_building,wind_energy','light_construction,rugged_design,light_construction_material,functional_surface'),(14,1,'research',45,43,47,48,0,'other',''),(15,1,'corporation',49,44,49,0,0,'other',''),(16,0,'corporation',0,0,51,0,0,'',''),(17,0,'corporation',44,41,53,0,0,'',''),(19,0,'corporation',17,12,54,0,0,'wind_energy',''),(20,1,'corporation',10,24,55,96,0,'aerospace,shipbuilding','light_construction,light_construction_material'),(21,0,'corporation',0,0,56,0,0,'',''),(22,0,'corporation',60,22,57,0,0,'shipbuilding',''),(23,1,'research',46,43,58,78,0,'machine_building,wind_energy','rugged_design'),(28,1,'corporation',49,49,77,76,0,'automotive_industry','light_construction,rugged_design'),(29,0,'corporation',38,57,79,0,0,'aerospace','light_construction,rugged_design'),(30,1,'corporation',46,41,80,0,0,'other','rugged_design'),(31,0,'corporation',0,0,64,0,0,'',''),(32,1,'research',46,42,82,81,0,'',''),(33,1,'research',45,41,83,0,0,'machine_building,other','rugged_design'),(34,1,'corporation',4,22,85,86,0,'aerospace,machine_building','light_construction,rugged_design'),(35,1,'research',0,0,88,0,0,'aerospace','rugged_design'),(36,1,'corporation',46,42,92,0,0,'machine_building',''),(37,1,'corporation',45,42,94,0,0,'aerospace,automotive_industry,shipbuilding,machine_building,wind_energy','light_construction,rugged_design,light_construction_material,functional_surface');
/*!40000 ALTER TABLE `partner` ENABLE KEYS */;
UNLOCK TABLES;

--
-- Table structure for table `partner_local`
--

DROP TABLE IF EXISTS `partner_local`;
/*!40101 SET @saved_cs_client     = @@character_set_client */;
/*!40101 SET character_set_client = utf8 */;
CREATE TABLE `partner_local` (
  `id` int(8) NOT NULL AUTO_INCREMENT,
  `partner` int(8) NOT NULL,
  `language` int(8) NOT NULL,
  `title` text COLLATE utf8_unicode_ci NOT NULL,
  `description` text COLLATE utf8_unicode_ci NOT NULL,
  PRIMARY KEY (`id`),
  KEY `partner` (`partner`),
  KEY `language` (`language`),
  CONSTRAINT `partner_local_ibfk_3` FOREIGN KEY (`partner`) REFERENCES `partner` (`id`) ON DELETE CASCADE ON UPDATE NO ACTION,
  CONSTRAINT `partner_local_ibfk_4` FOREIGN KEY (`language`) REFERENCES `language` (`id`) ON DELETE NO ACTION ON UPDATE NO ACTION
) ENGINE=InnoDB AUTO_INCREMENT=38 DEFAULT CHARSET=utf8 COLLATE=utf8_unicode_ci;
/*!40101 SET character_set_client = @saved_cs_client */;

--
-- Dumping data for table `partner_local`
--

LOCK TABLES `partner_local` WRITE;
/*!40000 ALTER TABLE `partner_local` DISABLE KEYS */;
INSERT INTO `partner_local` VALUES (1,1,1,'Premium AEROTEC GmbH','Premium Aerotec GmbH  Der Standort Bremen ist das Kompetenzzentrum für Blech- und Thermoplastteile. Die Bremer Teilefertigung zeichnet sich durch einen vollständigen integrierten Prozessablauf aus. Von der Konstruktionsberatung über die Werkzeugkonstruktion und den Werkzeugbau sowie dem dazugehörigen Prototyping bis hin zur Serienreife erhält man in Bremen alles aus einer Hand. Neben den beiden Kernkompetenzen ist die Montage von Kleingruppen aus Blech- und Thermoplastteilen sowie die Fertigung komplexer Sonderschweißteile und hochpräziser Hartchrom-Zerspanteile eine Stärke Bremens. Eines der wichtigsten Projekte ist die Herstellung von thermoplastischen CFK-Clips für die Verbindungen von CFK-Rumpfschalen beim Langstreckenflugzeug A350 XWB.  Mit modernsten Technologien und langjähriger Erfahrung steht Premium AEROTEC seinen Kunden mit der richtigen Lösung jederzeit zur Seite.   Stammdaten   -	Die Premium AEROTEC GmbH wurde am 1. Januar 2009 gegründet. Sie ist eine 100-Prozentige Tochterfirma der EADS N.V. -	Premium AEROTEC hat Niederlassungen in Nordenham, Bremen, Varel und Brasov/Rumänien. -	Der Hauptsitz des Unternehmens ist in Augsburg. -	Die Bremer Teilefertigung wurde zum 01.01.2010 von Airbus in die Premium AEROTEC übergeleitet. Organisatorisch wird sie als Werksteil des Werkes Nordenham geführt. -	Das Unternehmen beschäftigt Weltweit über 7.000 Mitarbeiter, von denen über 300 in Bremen eingesetzt sind.'),(2,2,1,'Airbus Operations GmbH','Airbus ist ein transnational, seit 1969 agierendes Unternehmen und ist ein weltweit führender Hersteller von insbesondere zivilen Flugzeugen mit über 100 Sitzen. Mit der Airbus Operations GmbH an seinen Standorten Hamburg, Bremen und Stade in Deutschland beschäftigt Airbus ca. 17.100 Mitarbeiter (weltweit ca. 55.600 Mitarbeiter) und hat einen Umsatz in Höhe von ca. 6,6 Mrd. €. (weltweit in Höhe von 33,1 Mrd. €). Airbus ist seit 9 Jahren, den amerikanischen Flugzeughersteller Boeing überholend, der größte Flugzeughersteller und Weltmarktführer. Die wichtigsten deutschen Airbus Standorte sind Hamburg, Bremen und Stade. An dem Airbus Standort Bremen ist die Entwicklung und Produktion mit dem Schwerpunkt Hochauf-triebssysteme, die Flugphysik sowie Materialforschung und –entwicklung beheimatet und verankert. Damit erfolgt in Bremen die Produktion von Landeklappen für alle Airbus Familien. Hier befindet sich auch die Testeinrichtungen für Hochauftriebsysteme sowie die Flügelausrüstung für Twin Aisle Flug-zeuge. Darüber hinaus erfolgt hier die Entwicklung und der Test von Frachtladesysteme und die A400M Rumpfmontage und –ausrüstung. Durch innovative Forschung und Entwicklung auf den Gebieten Flugphysik, Systemintegration, Rumpf und Rumpfsysteme sowie Materialien und Prozesse erarbeitet die Airbus Operations GmbH mit seinem Partnernetzwerk in Deutschland Wettbewerbsvorteile und betreibt Technologienentwicklungen auf höchstem Niveau.'),(3,3,1,'BIAS – Bremer Institut für angewandte Strahltechnik GmbH','Das BIAS – Bremer Institut für angewandte Strahltechnik GmbH arbeitet seit 1977 vorzugsweise mit Lasern in den beiden Geschäftsbereichen Materialbearbeitung und Bearbeitungssysteme sowie Optische Messtechnik und optoelektronische Systeme an aktuellen Forschungsthemen, um diese in nutzbringende Innovationen umzusetzen.  Gemäß dem Leitsatz „Wissen schafft Wirtschaft“ werden so z. B. Schweißverfahren, die am BIAS entwickelt wurden, heute im Flugzeugbau verwendet. Neben dem Flugzeugbau finden Entwicklungen des BIAS Einzug in die Raumfahrt, den Schiffbau sowie den Schienenfahrzeug- und Automobilbau. Die am BIAS entwickelten optischen Messmethoden werden sowohl für die Vermessung submikrometer kleiner als auch sehr großer Strukturen verwendet und dienen so unterschiedlichen Zwecken wie der Sicherheit von Flugzeugen bis hin zur Bestimmung des Umweltzustandes der Ostsee.Zum Technologietransfer werden verschiedene Großprojekte betrieben, so z.B. das Kompetenzzentrum Schweißen von Aluminiumlegierungen.'),(4,4,1,'Deutsches Forschungszentrum für Künstliche Intelligenz (DFKI) GmbH','Das DFKI mit Sitz in Kaiserslautern, Saarbrücken und Bremen sowie dem Projektbüro in Berlin ist das weltweit größte Forschungszentrum auf dem Gebiet der Künstlichen Intelligenz.       Das Robotics Innovation Center (RIC) zählt zum Bremer Standort des Deutschen Forschungszentrums für Künstliche Intelligenz (DFKI) GmbH. Hier und in der RIC-Außenstelle an der Universität Osnabrück entwickeln Wissenschaftlerinnen und Wissenschaftler unter Leitung von Prof. Dr. Frank Kirchner mobile Robotersysteme, die an Land, zu Wasser, in der Luft und im Weltraum für komplexe Aufgaben eingesetzt werden. Das erfordert sowohl ein Design nach neuesten Erkenntnissen der Mechatronik als auch eine Programmierung auf Basis komplexer, massiv-paralleler eingebetteter Systemlösungen.  Im Rahmen öffentlich geförderter Verbund- und Forschungsprojekte oder im Auftrag der Industrie werden intelligente Roboter für die unterschiedlichsten Einsatzfelder konzipiert. Dazu zählen die Unterwasser-, Weltraum-, SAR- (Search and Rescue) und Sicherheitsrobotik, Logistik, Produktion und Consumer (LPC), Kognitive Robotik, E-Mobility sowie Rehabilitationsrobotik. Der Fokus liegt stets auf einem schnellen Transfer von Forschungsergebnissen in reale Anwendungen. Dabei nutzt das Robotics Innovation Center die grundlagenorientierte Forschung der von Prof. Dr. Frank Kirchner geleiteten Arbeitsgruppe Robotik an der Universität Bremen.'),(5,5,1,'IFAM - Fraunhofer-Institut für Fertigungstechnik und Angewandte Materialforschung','Das IFAM leistet Forschungs- und Entwicklungsarbeit in den Bereichen:  Klebtechnik und Oberflächen: An den Standorten Bremen und Stade fokussiert sich die kundenspezifische F&E auf Klebtechnik, Plasmatechnik, Lacktechnik, Adhäsions- und Grenzflächenforschung sowie Faserverbundtechnologie. Die wichtigsten Märkte sind Transportmittelbau – Luft, Straße,  Schiene, Wasser –, Maschinen- und Anlagenbau, Energietechnik, Baubranche, Verpackungs-, Textil- und Elektroindustrie  sowie Mikrosystem- und Medizintechnik.  Klebtechnik - Klebstoffe und Polymerchemie: Klebstoffformulierung, Verbundwerkstoffe, Bioinspirierte Materialien - Klebtechnische Fertigung: Mikrosystem-/Medizintechnik, Prozessentwicklung, Simulation, Applikationsverfahren - Werkstoffe und Bauweisen: Strukturberechnung, numerische Simulation, mechanische Fügetechnik - Fügen und Montieren von FVK-Großstrukturen: Fügetechnologien, Präzisionsbearbeitung, Montage-/Anlagentechnik, Messtechnik, Robotik - Anerkannte Stelle des Eisenbahn-Bundesamtes (DIN 6701)  Plasmatechnik - Atmosphärendruck- und Niederdruck-Plasmatechnik - VUV-Excimer-Technik - Neue Oberflächentechnologien - Anlagentechnik/Anlagenbau  Lacktechnik - Entwicklung von Beschichtungsstoffen - Funktionsbeschichtungen - Anwendungs- und Verfahrenstechnik  Adhäsions- und Grenzflächenforschung - Oberflächen-/Nanostrukturanalytik - Applied Computational Chemistry - Elektrochemie/Korrosionsschutz - Qualitätssicherung Oberfläche  Faserverbundtechnologie - Matrixharzentwicklung - Faser-Matrix-Haftung - Be- und Verarbeitung - Fertigungsverfahren - Dimensionierungen - Prozessentwicklung - Automatisierte Montage - Zertifizierende Weiterbildung Klebtechnik und Faserverbundtechnologie  Formgebung und Funktionswerkstoffe  In Bremen, Dresden und Oldenburg stehen maßgeschneiderte Werkstofflösungen mit optimierten Fertigungsverfahren und Prozessen im Mittelpunkt. Das F&E-Spektrum reicht vom Werkstoff über Formgebung bis hin zur Funktionalisierung von Bauteilen und Systemen. Kundenspezifische Lösungen werden für Automobilindustrie, Medizintechnik, Luft- und Raumfahrt, Maschinen- und Anlagenbau, Umwelt- und Energietechnik oder Elektronikindustrie erarbeitet.  Elektromobilität - Energiespeicher - Elektrische Antriebstechnik - Prüfen, Testen, Bewerten und Optimieren des Gesamtsystems - Modellregion Elektromobilität Bremen/Oldenburg  Formgebung  - Fertigung komplexer Präzisionsbauteilen und Komponenten - Pulver- und gießtechnologischen Verfahren zur Steigerung der Funktionsdichte in Bauteilen - Bauteilauslegung - Simulation der Formgebungsprozesse - Fertigungstechnische Umsetzung - Personalschulung  Funktionswerkstoffe - Verbesserung bzw. Erweiterung von Materialeigenschaften und der Verarbeitung der Werkstoffe - Integration der Funktionswerkstoffe in Bauteile oder Applikation auf Oberflächen - Einsatz von zellularen Werkstoffen, Hybridwerkstoffen, Faserverbunden und Biomaterialien - Elektronische, sensorische Funktionen etc.'),(6,6,1,'ISEMP – Airbus Stiftungsprofessur für Integrative Simulation und Engineering von Materialien und Prozessen','ISEMP wurde im Dezember 2009 von Airbus gestiftet und unter der Leitung von Prof. Dr.-Ing. Vasily Ploshikhin als Bindeglied zwischen industrie- und grundlagenorientierter Forschung in das Bremer Center for Computational Materials Science (BCCMS) der Universität Bremen integriert. Der Schwerpunkt unserer Forschungsaktivitäten liegt in der Entwicklung neuer Methoden und Ansätze für die numerische Simulation von innovativen Materialien und Fertigungsprozessen, insbesondere aus dem Bereich der Luftfahrtindustrie. Die Maxime unserer Arbeit lautet „knowledge-based“ statt „Trial-and–Error”. Ein besonderes Augenmerk liegt dabei auf der engen Verzahnung zwischen der virtuellen Prozess- und Werkstoffentwicklung und der experimentellen Validierung. Aktuelle Themen sind CFK (Mikromechanik der Aushärtung, Wärme- und elektrische Leitfähigkeit, CNTs und Feuchtigkeitseinflüsse), generative Fertigung, Fire Safety sowie Laser- und Elektronenstrahlschweißen.'),(7,7,1,'IWT – Stiftung Institut für Werkstofftechnik','Hervorgegangen aus dem traditionsreichen Institut für Härterei-Technik blickt das IWT auf eine mehr als 60-jährige Geschichte zurück und hat zum Ziel, die komplexe Forschung auf dem Gebiet der Metallverarbeitung voranzutreiben. Einzigartig in Deutschland vereint das IWT die drei Fachdisziplinen Werkstoff-, Verfahrens- und Fertigungstechnik als gleichrangige Hauptabteilungen unter einem Dach. Technologische Probleme metallverarbeitender Unternehmen können ohne zeitraubende Abstimmungsprozesse auf dem interdisziplinären Niveau gelöst werden. Angesiedelt auf dem Campus der Universität Bremen wird die Know-How-Basis des IWT zusätzlich durch die enge Verflechtung mit dem Fachbereich Produktionstechnik der Universität Bremen verstärkt. Forschungsschwerpunkte liegen in den Bereichen Nano- und Partikeltechnologien, Wärmebehandlungstechnologien, Leichtbau (u.a. Hybride Werkstoffe, CFK, Stahl, Titan, Aluminium) sowie Zerspanungstechnologien.'),(8,8,1,'KAEFER Isoliertechnik GmbH & Co. KG','Im Jahr 1918 gründete Carl Kaefer ein Unternehmen, das sich auf die Lieferung von Materialien sowie Leistungen für die Isolierung von Schiffen spezialisierte. Seine Geschäftsidee basierte dabei auf der Nutzung von Torf zur Isolierung der Kühlraumwände – der Plan einer effizienten Energiewirtschaft war geboren. Über Generationen hinweg hat Carl Kaefers Idee ihre Aktualität behalten und wurde so zum Wegbegleiter in eine erfolgreiche Zukunft.  In den folgenden Jahren entwickelt sich die Firma KAEFER, welche seine Aktivitäten auf die Gebiete Industry, Offshore, Shipbuilding und Construction konzentriert,  zum weltweit größten Anbieter sämtlicher Leistungen rund um Isolierung und Innenausbau. Gerüstbau, Korrosionsschutz, Feuerfestbau, passiver Brandschutz und Asbestentsorgung vervollständigen das Portfolio. Das Bremer Unternehmen ist heute mit Standorten in über 50 Ländern vertreten und beschäftigt mehr als 18.000 Mitarbeiter. '),(9,9,1,'TZI – Technologie-Zentrum Informatik und Informations-technologie','Im TZI - Technologie-Zentrum Informatik und Informationstechnik arbeiten 15 Professoren interdisziplinär an zentralen Fragestellungen der modernen Wissens- und Dienstleistungsgesellschaft. Mit rund 150 Mitarbeitern schöpfen sie in über 100 nationalen und internationalen Projekten die Potenziale der Informations- und Kommunikationstechnologie (IKT) aus für eine bessere Bildungs- und Lebensperspektive der Menschen sowie eine höhere Wettbewerbsfähigkeit der Unternehmen. Ob es um die Zukunft der Industriearbeit, lebenslanges Lernen, den demografischen Wandel, den sicheren Umgang mit Informationen in Zeiten des Internets oder Ressourceneffizienz geht – als IKT-Kompetenzzentrum für das Land Bremen mit einer ausgezeichneten internationalen Reputation leistet das universitäre Institut einen wichtigen Beitrag zur Umsetzung der Hightech-Strategie des Senats, indem es Forschungsergebnisse vor allem in regionalen Innovationssystemen nutzbar macht. Die strukturierte Verbesserung des Wissens- und Technologietransfers zwischen akademischen und industriellen Partnern ist seit der Gründung des TZI eines der primären Organisationsziele. Daher wird am TZI neben der anwendungsorientierten IKT-Forschung auch stetig in Projekten zeitgemäßer und praktikabler Transferkonzepte gearbeitet.'),(10,10,1,'BIBA – Bremer Institut für Produktion und Logistik GmbH','Das Bremer Institut für Produktion und Logistik GmbH (BIBA) gliedert sich in die Forschungsbereiche „Intelligente Produktions- und Logistiksysteme” und „Informations- und kommunikationstechnische Anwendungen in der Produktion”. Auf Basis ausgeprägter Grundlagenforschung betreibt es anwendungsorientierte Forschung und industrielle Auftragsforschung – national wie international, in den Bereichen Produktion und Logistik unter anderem in wichtigen Branchen wie Logistikdienstleistung, Automobil, Luftfahrt und Windenergie. Der von Prof. Thoben geleitete Forschungsbereich Informations- und kommunikationstechnische Anwendungen in der Produktion (IKAP) konzipiert, entwickelt und realisiert Methoden und Werkzeuge zur Unterstützung kooperativer, interorganisatorischer Unternehmensnetzwerke. Die Forschungsarbeiten konzentrieren sich dabei auf die Gestaltung von effizienten und effektiven kollaborativen Entwicklungs- und Produktionsprozessen durch die Anwendung. Immer komplexer werdende Produktionssysteme und Logistiknetzwerke erfordern die Entwicklung, Anwendung und Integration neuer Methoden zu deren Planung und Steuerung. Die Kompetenzen des Forschungsbereichs liegen in der Entwicklung und Anwendung leistungsfähiger, praxistauglicher Planungs- und Steuerungsverfahren für Produktion und Logistik. Das geschieht in enger Kooperation mit dem Fachgebiet Planung und Steuerung produktionstechnischer Systeme (PSPS) der Universität Bremen, ebenfalls unter der Leitung von Prof. Scholz-Reiter.'),(11,11,1,'BIK – Institut für integrierte Produktentwicklung','Das Institut für integrierte Produktentwicklung (BIK) ist ein Institut in der Universität Bremen und als Fachgebiet dem Fachbereich Produktionstechnik angeschlossen und wird von Prof. Dr.-Ing. habil. Klaus-Dieter Thoben geleitet. Unser Ansatz in der integrierten Produktenwicklung wird insbesondere durch die Konzentration auf die Interdisziplinarität zwischen \"Methode\", \"Material\" und \"Modell\" geprägt. Nach unserem Verständnis wird erst durch diesen kombinatorischen Leitgedanken in den einzelnen Schritten des Produktlebenszyklus, unterstützt durch einen durchgängigen Informationspfad, eine effiziente und zukunftsweisende Produktentwicklung ermöglicht.  Mit verschiedenen Lehrveranstaltungen sind wir in den Studiengängen Systems Engineering, Produktionstechnik und Wirtschaftsingenieurtechnik vertreten und entsprechend unserer Ausrichtung zählen die klassischen Themen wie Maschinenzeichnen, Maschinenelemente, Konstruktionstechnik und rechnergestütze Werkzeuge (CAD, CAE etc.) zu unserem Portfolio. In Forschungsvorhaben konzentrieren sich verschiedene Vorhaben auf die Entwicklung von Produkten aus nachwachsenden Rohstoffen sowie aus textilen Glas- oder Kohlefasern. Hierbei steht u. a. das automatische Positionieren, Drapieren und Zuschneiden von Fasergelegen im Mittelpunkt der Forschungsaktivitäten. Mit Hilfe von Robotern wird beispielsweise die Ausrichtung und der Zuschnitt der Fasern entsprechend eines definierten Zuschnitt- und Ablegeplans realisiert und untersucht.'),(12,12,1,'FIBRE – Faserisntitut Bremen e.V.','Das Faserinstitut Bremen (FIBRE) übernimmt als wissenschaftliche Einrichtung an der Universität Bremen, Forschungs- und Entwicklungsaufgaben im Bereich der Prüfung, Weiterentwicklung und Verarbeitung von Fasern, textilen Halbzeugen und Faserverbundwerkstoffen.  Das FIBRE steht als Ansprechpartner entlang der gesamten Prozesskette von der Berechnung leistungsfähiger Faserverbunde über die Entwicklung hocheffizienter Fertigungsverfahren bis hin zur Realisierung von Prototypen und Kleinserien verschiedener Bauteile zur Verfügung. Das wesentliche Ziel der Tätigkeiten besteht darin, einerseits mit leistungsfähigen FEM-Simulationen, andererseits mit der Entwicklung von serienfähigen automatisierten Fertigungsverfahren, die Entwicklungsprozesse erheblich zu beschleunigen. Eine schnelle und prozesssichere Serienumsetzung ist die Voraussetzung für den Markterfolg neuer Produkte.'),(13,13,1,'Universität Bremen','Die Universität Bremen ist mit 250 Professuren und über 18.000 Studierenden eine Universität mittlerer Größe. In der Forschung zählt die Universität Bremen seit Jahren zur Spitzengruppe der deutschen Hochschulen. Als eine von nur 11 Univversitäten und als einzige in Norddeutschland ist sie in der Exzellenzinitiative von Bund und Ländern als \'Exzellenzuniversität\' ausgezeichnet worden. Die Forschung an der Uni Bremen ist interdisziplinär aufgestellt - mit Kooperationen, die über die Grenzen von Fachbereichen hinausgehen. Zur Profilbildung und zur  Umsetzung größerer Verbundvorhaben hat die Universität sechs Wissenschaftsschwerpunkte (Meeres-, Polar- und Klimaforschung, Materialwissenschaften und ihre Technologien, Informations-, Kognitions- und Kommunikationswissenschaften, Sozialwissenschaften: Sozialer Wandel, Sozialpolitik und Staat, Epidemiologie und Gesundheitswissenschaften, Logistik) eingerichtet.  Der Campus ist ein bedeutendes Wissenschaftszentrum im Nordwesten Deutschlands mit einer hohen Dichte auch an außeruniversitären Forschungseinrichtungen, die durch Kooperationsprofessuren mit der Uni verbunden sind. Mehr als 400 Unternehmen mit über 6.000 Beschäftigten haben sich direkt in ihrem Umfeld - im Technologiepark Bremen - angesiedelt. Zahlreiche Kooperationen mit Unternehmen im In- und Ausland belegen, wie sich an einer forschungsstarke Universität  grundlagenorientierte und anwendungsorientierte Forschung gegenseitig befruchten.'),(15,22,1,'TKMS Blohm Voss Nordseewerke','Ingenieurgesellschaft mbH'),(16,22,1,'',''),(17,23,1,'ISIS Sensorial Materials Scientific Centre','ISIS, kurz für Integrated Solutions in Sensorial Structure Engineering, bündelt die Kompetenz der Universität Bremen auf dem Gebiet der Integration von Sensoren in technische Bauteile. Es deckt von der Auslegung über die Werkstofftechnik, die Fertigungsverfahren und die Informationsverarbeitung bis hin zur Energieversorgung alle Aspekte dieses Thema ab. ISIS steht für eine Technologie der Sinne und wird  - die Verbreitung integrierter Sensorik auf verschiedensten Anwendungsfeldern durch technologische Innovationen fördern.  - neue Anwendungsszenarien für integrierte Sensorik identifizieren und in die Praxis überführen.  - die Integration von Sensorik in technische Bauteile vorantreiben bis hin zur Realisierung sensorischer Materialien.  - durch grundlegende wie anwendungsnahe technische Entwicklungen neue Potenziale hinsichtlich Sicherheit, Wirtschaftlichkeit, Leichtbau   oder Mensch-Maschine-Interaktion erschließen.  Inhalte und Aufgaben / Märkte und Anwendungsfelder ISIS ist eine zentrale wissenschaftliche Einrichtung (ZWE) der Universität Bremen - ein virtuelles Institut, das Experten mehrerer Fachbereiche zusammenführt und auf eine gemeinsame Aufgabenstellung ansetzt. ISIS benötigt diese Interdisziplinarität, um Entwicklung, Optimierung und Anwendung sensorischer Materialien und sensorierter Strukturen adressieren zu können. Derzeit sind die Fachbereiche Produktionstechnik, Physik/Elektrotechnik, Mathematik/Informatik und Biologie/Chemie eingebunden.'),(20,28,1,'Mercedes Werk Bremen','Das Mercedes-Benz-Werk in Bremen ist der größte private Arbeitgeber in Bremen und nach Sindelfingen das zweitgrößte Produktionswerk im Daimler-Verbund. Es befindet sich im östlichen Bremer Stadtteil Sebaldsbrück. '),(22,29,1,'P3 Voith Aerospace GmbH',''),(23,30,1,'Marcam Engineering GmbH','Marcam Engineering hat sich als Softwareunternehmen und Teil des Materialise-Konzerns spezialisiert auf die Entwicklung von professionellen Softwarelösungen für additive Fertigungstechnologien und deren Anwendungen.'),(24,31,1,'EWE Oldenburg',''),(25,16,1,'Neue Materialien Bayreuth GmbH',''),(26,32,1,'BIME – Bremer Institut für Strukturmechanik und Produktionsanlagen','Das Bremer In­stitut für Struk­tur­me­chanik und Pro­duk­ti­ons­an­lagen ist ein In­stitut der Uni­ver­sität Bremen. Es ent­stand Mitte 2008 aus der Ver­ei­ni­gung der drei Fach­ge­biete Fer­ti­gungs­ein­rich­tungen, Tech­ni­sche Me­chanik - Struk­tur­me­chanik und Pro­duk­ti­ons­ge­stal­tung am Fach­be­reich Pro­duk­ti­ons­technik - Ma­schi­nenbau und Ver­fah­rens­technik.\n\nMit­ar­beiter des bime for­schen in na­tio­nalen und in­ter­na­tio­nalen Pro­jekten sowie Ver­bünden, ar­beiten in der Grund­la­gen­for­schung und in­dus­tri­ellen For­schungs­ko­ope­ra­tionen. In seinen For­schungen be­schäf­tigt sich das bime mit der Ent­wick­lung und dem Be­trieb von Pro­duk­ti­ons­an­lagen, von der grund­le­genden me­cha­ni­schen Aus­le­gung über die me­cha­tro­ni­schen Kom­po­nenten und die Steue­rungs­technik bis hin zum An­la­gen­be­trieb und der Pro­duk­ti­ons­lo­gistik.'),(27,14,1,'IPMI – Institut für Projektmanagement und Innovation ','Das Technologie- und Innovationsmanagement stellt die Brückendisziplin zwischen verschiedenen funktionalen Betriebswirtschaftslehren und der betrieblichen Forschung und Entwicklung dar. Entsprechend breit sind die Forschungsaktivitäten des Lehrstuhls. Schwerpunkte sind:\n\n-Innovationsmanagement (insbesondere Prozessgestaltung und Innovationsbewertung)\n\n- Technologiemanagement (insbesondere Technologieprognose und Patentmanagement)\n\n- Methodisches Erfinden (TRIZ)\n\n- Szenariomanagement '),(28,33,1,'BIMAQ – Bremer Institut für Messtechnik, Automatisierung und Qualitäts-wissenschaft','Messtechnik, Automatisierung und Qualitätswissenschaft haben eine elementare Bedeutung für Produktionsabläufe. Trotz seiner Spezialisierung auf diese Gebiete betrachtet das BIMAQ die Produkte, Unternehmen und Produktionsprozesse darüber hinaus ganzheitlich. Inhaltlich orientiert sich das Institut mit theoretischen Grundlagen, experimentellen Methoden sowie voll integrationsfähigen Verfahren und Geräten an den Bedarfen einer zukunftsfähigen Produktion. So ergibt sich ein breites Spektrum an Leistungen.'),(29,15,1,'InnoWi GmbH',''),(30,34,1,'ThyssenKrupp System Engineering GmbH',' Für unser Geschäftsfeld Luftfahrt haben wir uns das Ziel gesetzt, die heutigen Produktions- und Fertigungstechniken der Luftfahrtindustrie in eine neue Dimension der flexiblen Automatisierung in Form neuer Produktionskonzepte weiter zu entwickeln. Um dies zu erreichen, übertragen wir unsere Expertise und Erfahrung aus über 50 Jahren erfolgreicher Zusammenarbeit mit der Automobilindustrie.\n	 Movie Aerospace\n\nUnsere Kompetenz für automatisierte Systeme sowie die Kenntnisse neuartiger Materialien befähigen uns, der Luftfahrtindustrie automatisierte Fertigungs- und Montageanlagen für Komponenten und Strukturen anzubieten. '),(31,20,1,'Haindl Kunststoff-verarbeitung GmbH','Die Faszination ist ungebrochen, die Faserstrukturen der Natur nachzuempfinden. Ähnlich wie in Bäumen oder Gräsern liefern Faserverbundwerkstoffe höchste Steifigkeit und Festigkeit bei geringstem Gewicht. Durch intelligente Faserausrichtung, die mit der Methode der Finiten Elemente modellierbar und nachprüfbar sind, lassen sich erstaunlich feste Formen bilden - und durch die Richtung der Fasern auch Zug- und Druckverhalten beeinflussen.\n\nBereits Anfang der 50er Jahre sind Glasfaserverbundstoffe fester Bestandteil des industriellen Angebots, HAINDL ist seit 1958 dabei.'),(32,35,1,'Brötje-Automation GmbH','Broetje-Automation ist der weltweit führende Experte für Produktionsprozesse der Luft- und Raumfahrtindustrie. Mit einem Team von 350 Mitarbeitenden an Standorten in Deutschland , USA, Frankreich und China planen und realisiert BA hoch effiziente Lösungen für die Flugzeugmontage.'),(33,36,1,'OptoPrecision GmbH','Branchenübergreifend bietet OptoPrecision innovative Produkte und Dienstleistungen für die industrielle Prozess- und Qualitätskontrolle und die optische Messtechnik an. Im Fokus unserer Arbeit stehen die Effizienz- und Qualitätssteigerung sowie die Sicherheit von Mensch und Maschine. Unsere Produkte sind speziell für die oft sehr harten Anforderungen im industriellen Umfeld entwickelt und abgestimmt worden und überzeugen durch höchste Zuverlässigkeit.'),(34,37,1,'FuE – Technologiebroker Bremen GmbH','Die FuE Technologiebroker Bremen GmbH wurde den 3 Bremer Werkstoffinstituten BIAS, IFAM und IWT gegründet, um die Übermittlung der FuE¬-Bedarfe von der Wirtschaft zur Wissenschaft nachhaltig zu verbessern. Seit Gründung ist die Gesellschaft daher u.a. mit einem Büro bei der Airbus Operations GmbH in Bremen vor Ort. \nMehr als nur die Vermittlung adäquater Partner! Unsere Partner profitieren von einem umfassenden Dienstleistungspaket. Der Technologiebroker Bremen organisiert einen runden Tisch zwischen Betrieben, FuE-Einrichtungen und Förderinstitutionen. Unsere Auftraggeber haben die Sicherheit, dass massgeschneiderte Partner vermittelt werden, die der konkreten Aufgabe in jeder Hinsicht zuverlässig entsprechen.\nDurch die enge Kooperation mit Fördereinrichtungen aus Kommunen, Bund und EU werden bei Bedarf auch entsprechende Fördermöglichkeiten im Sinne unserer Partner genutzt.\n'),(35,21,1,'AKON-Cad',''),(37,17,1,'BWM Bremer Werk für Montagesysteme','');
/*!40000 ALTER TABLE `partner_local` ENABLE KEYS */;
UNLOCK TABLES;

--
-- Table structure for table `partner_media`
--

DROP TABLE IF EXISTS `partner_media`;
/*!40101 SET @saved_cs_client     = @@character_set_client */;
/*!40101 SET character_set_client = utf8 */;
CREATE TABLE `partner_media` (
  `id` int(11) NOT NULL AUTO_INCREMENT,
  `partner` int(11) NOT NULL,
  `media` int(11) NOT NULL,
  PRIMARY KEY (`id`),
  KEY `partner` (`partner`),
  KEY `media` (`media`),
  CONSTRAINT `partner_media_ibfk_1` FOREIGN KEY (`partner`) REFERENCES `partner` (`id`) ON DELETE CASCADE ON UPDATE NO ACTION,
  CONSTRAINT `partner_media_ibfk_2` FOREIGN KEY (`media`) REFERENCES `media` (`id`) ON DELETE CASCADE ON UPDATE NO ACTION
) ENGINE=InnoDB AUTO_INCREMENT=29 DEFAULT CHARSET=utf8 COLLATE=utf8_unicode_ci;
/*!40101 SET character_set_client = @saved_cs_client */;

--
-- Dumping data for table `partner_media`
--

LOCK TABLES `partner_media` WRITE;
/*!40000 ALTER TABLE `partner_media` DISABLE KEYS */;
INSERT INTO `partner_media` VALUES (1,1,1),(2,2,2),(3,2,3),(4,2,4),(5,2,5),(6,2,6),(7,2,7),(8,3,8),(9,4,9),(10,5,10),(11,6,11),(12,6,12),(13,6,13),(14,6,14),(15,6,15),(16,7,16),(17,7,17),(18,7,18),(19,8,19),(20,8,20),(21,9,21),(22,10,22),(23,11,23),(24,12,24),(25,13,25),(26,4,26),(27,8,27),(28,23,74);
/*!40000 ALTER TABLE `partner_media` ENABLE KEYS */;
UNLOCK TABLES;

--
-- Table structure for table `project`
--

DROP TABLE IF EXISTS `project`;
/*!40101 SET @saved_cs_client     = @@character_set_client */;
/*!40101 SET character_set_client = utf8 */;
CREATE TABLE `project` (
  `id` int(8) NOT NULL AUTO_INCREMENT,
  `type` enum('project','network') COLLATE utf8_unicode_ci NOT NULL,
  `state` enum('progress','released','removed') COLLATE utf8_unicode_ci NOT NULL,
  `period_start` date NOT NULL,
  `period_end` date NOT NULL,
  `total_capacity` double NOT NULL,
  `fund` int(8) NOT NULL,
  `director` int(8) NOT NULL,
  `contact` int(8) NOT NULL,
  `branch` set('aerospace','automotive_industry','shipbuilding','machine_building','wind_energy','other') COLLATE utf8_unicode_ci NOT NULL,
  `technology` set('light_construction','rugged_design','light_construction_material','functional_surface') COLLATE utf8_unicode_ci NOT NULL,
  PRIMARY KEY (`id`)
) ENGINE=InnoDB AUTO_INCREMENT=47 DEFAULT CHARSET=utf8 COLLATE=utf8_unicode_ci;
/*!40101 SET character_set_client = @saved_cs_client */;

--
-- Dumping data for table `project`
--

LOCK TABLES `project` WRITE;
/*!40000 ALTER TABLE `project` DISABLE KEYS */;
INSERT INTO `project` VALUES (1,'','progress','2010-08-01','2012-12-31',680000,59,1,39,'aerospace','light_construction_material'),(2,'','progress','2005-01-01','0000-00-00',1235800,60,8,75,'aerospace,automotive_industry,shipbuilding,machine_building','light_construction,rugged_design,light_construction_material,functional_surface'),(3,'','progress','2009-12-01','2012-12-31',91980,60,28,40,'machine_building','light_construction_material'),(4,'','removed','2007-01-01','2009-10-31',256600,59,30,41,'aerospace','rugged_design'),(5,'','removed','2010-01-01','2012-05-31',192738,59,30,42,'shipbuilding','light_construction_material'),(6,'','removed','2012-04-02','2011-03-31',145545,61,30,40,'shipbuilding,machine_building,wind_energy','light_construction,light_construction_material'),(7,'','progress','2010-12-01','2013-05-31',610753,62,30,43,'machine_building,wind_energy','rugged_design,light_construction_material'),(8,'','removed','2009-08-01','2012-07-31',117588,59,30,32,'shipbuilding,machine_building','rugged_design'),(9,'project','removed','2008-02-01','2011-01-31',2163306,61,10,12,'aerospace,machine_building','light_construction,light_construction_material'),(10,'project','progress','2011-10-01','2014-03-31',1900000,63,13,69,'automotive_industry','light_construction,rugged_design'),(11,'','progress','2009-01-01','2013-12-31',105000,0,36,45,'other','light_construction,functional_surface'),(12,'','progress','2011-01-01','2013-12-31',5000,0,10,45,'other','light_construction,functional_surface'),(13,'','progress','2010-01-01','2012-12-31',50000,0,36,45,'other','light_construction,functional_surface'),(14,'','progress','2009-01-01','2013-12-31',108000,0,36,45,'other','light_construction,functional_surface'),(15,'project','progress','2009-09-01','2013-08-31',2349505,59,10,46,'shipbuilding','rugged_design,functional_surface'),(16,'','released','2012-03-01','2014-02-28',240000,0,47,48,'other',''),(17,'','removed','2008-01-01','2009-12-31',97000,65,47,48,'automotive_industry',''),(18,'','removed','2005-01-01','2007-12-31',220000,61,47,48,'other',''),(19,'','removed','2009-01-01','2010-12-31',412000,59,49,48,'other',''),(20,'','progress','2012-07-01','2014-06-30',195000,66,16,50,'aerospace,automotive_industry','light_construction_material'),(21,'','progress','2011-12-01','2014-01-31',98700,60,16,50,'aerospace,other','rugged_design'),(22,'project','progress','2011-07-01','2012-06-30',175000,67,16,50,'machine_building,other','rugged_design'),(23,'','progress','2012-06-01','2014-03-31',175000,67,16,50,'other','rugged_design'),(24,'','progress','2012-06-01','2014-05-31',139769,67,16,50,'aerospace,automotive_industry','light_construction,rugged_design'),(25,'','progress','2012-01-01','2012-12-31',500000,66,19,20,'other','light_construction_material'),(26,'network','removed','2010-07-31','2013-06-30',352800,66,19,20,'aerospace,automotive_industry,machine_building','light_construction,light_construction_material'),(27,'','released','0000-00-00','0000-00-00',0,0,25,26,'other',''),(28,'','released','2013-01-01','2015-12-31',550000,61,36,45,'aerospace,automotive_industry,shipbuilding,wind_energy,other','light_construction,functional_surface'),(30,'network','progress','2005-10-20','0000-00-00',0,0,0,52,'aerospace',''),(31,'','removed','2011-05-01','2011-12-31',25000,0,7,31,'aerospace','light_construction_material,functional_surface'),(33,'network','progress','0000-00-00','0000-00-00',0,59,70,73,'other',''),(35,'','progress','0000-00-00','0000-00-00',0,0,27,84,'other',''),(36,'','progress','0000-00-00','0000-00-00',0,60,33,34,'aerospace','light_construction,rugged_design,light_construction_material'),(37,'','progress','0000-00-00','0000-00-00',0,59,33,87,'aerospace','rugged_design,light_construction_material'),(38,'','progress','0000-00-00','0000-00-00',0,66,33,89,'other','light_construction,light_construction_material'),(39,'','progress','0000-00-00','0000-00-00',0,0,33,90,'aerospace,automotive_industry,wind_energy','rugged_design,light_construction_material'),(40,'','progress','0000-00-00','0000-00-00',0,0,33,91,'aerospace','light_construction'),(41,'','progress','0000-00-00','0000-00-00',0,0,33,90,'aerospace,automotive_industry','rugged_design,light_construction_material'),(42,'','progress','0000-00-00','0000-00-00',0,0,4,93,'aerospace','functional_surface'),(43,'','progress','0000-00-00','0000-00-00',0,0,4,93,'aerospace','light_construction,rugged_design,light_construction_material,functional_surface'),(44,'','progress','0000-00-00','0000-00-00',0,0,4,93,'aerospace,shipbuilding,machine_building','functional_surface'),(45,'','progress','0000-00-00','0000-00-00',0,0,7,95,'aerospace','rugged_design,functional_surface'),(46,'network','progress','2013-10-01','0000-00-00',0,0,36,97,'aerospace,other','light_construction_material');
/*!40000 ALTER TABLE `project` ENABLE KEYS */;
UNLOCK TABLES;

--
-- Table structure for table `project_local`
--

DROP TABLE IF EXISTS `project_local`;
/*!40101 SET @saved_cs_client     = @@character_set_client */;
/*!40101 SET character_set_client = utf8 */;
CREATE TABLE `project_local` (
  `id` int(8) NOT NULL AUTO_INCREMENT,
  `project` int(8) NOT NULL,
  `language` int(8) NOT NULL,
  `title` varchar(128) COLLATE utf8_unicode_ci NOT NULL,
  `description` varchar(4096) COLLATE utf8_unicode_ci NOT NULL,
  PRIMARY KEY (`id`),
  KEY `project` (`project`),
  KEY `language` (`language`),
  CONSTRAINT `project_local_ibfk_3` FOREIGN KEY (`project`) REFERENCES `project` (`id`) ON DELETE CASCADE ON UPDATE NO ACTION,
  CONSTRAINT `project_local_ibfk_4` FOREIGN KEY (`language`) REFERENCES `language` (`id`) ON DELETE NO ACTION ON UPDATE NO ACTION
) ENGINE=InnoDB AUTO_INCREMENT=47 DEFAULT CHARSET=utf8 COLLATE=utf8_unicode_ci;
/*!40101 SET character_set_client = @saved_cs_client */;

--
-- Dumping data for table `project_local`
--

LOCK TABLES `project_local` WRITE;
/*!40000 ALTER TABLE `project_local` DISABLE KEYS */;
INSERT INTO `project_local` VALUES (1,1,1,'AUTOMATH – Automatisierte Prozesskette ','Ziel des Vorhabens ist die Entwicklung und Umsetzung der Prozesskette für eine kosten-günstige, automatisierte Massenfertigung faserverstärkter Thermoplastbauteile (CFK). Derartige Bauteile werden in Zukunft in großen Stückzahlen im Flugzeug- und Automobilbau eingesetzt. Mit der neuen Fertigungstechnologie wird es möglich, CFK-Kleinbauteile mit einer Taktzeit von einer Minute und einer geringen Ausschussrate bei gleichzeitig effektiver Materialausnutzung herzustellen.  In Teilvorhaben werden folgende Prozessschritte untersucht und umgesetzt: (A)Schnelle und prozesssichere Handhabung von direkt in ihrer Endkontur fertigbaren Halbzeugen, der aufgeschmolzenen Zuschnitte und der umgeformten Bauteile (B)verschnittoptimiertes Thermoformen mit einem Net-Shape fähigen Thermoformwerk-zeug innerhalb einer automatisierten Fertigungszelle (C)verzugsoptimierte Thermoformung mit einem variablen, lokal beheizten Werkzeug zur Steuerung der Bauteilwinkel und zur Regelung der Bauteilqualität (D)Detektion des berührungslos und geometrieunabhängig messenden Laser-Ultraschalls bei der 100%-Prüfung der inneren Bauteilqualität in Fertigungstaktrate (E)Integration der Teilprozesse in einer automatisierten Fertigungszelle zur Herstellung endkonturnaher thermoplastischer CFK-Bauteile.  Die Realisierung und Beherrschung dieser Prozessschritte ist die notwendige Voraussetzung für eine wirtschaftliche Massenfertigung von hochwertigen CFK-Bauteilen am Standort Deutschland. Damit entsteht die Möglichkeit, textile Bauteile mit einer hohen Wertschöpfungstiefe zu liefern. Eine große Chance für den wirtschaftlichen Erfolg dieser Entwicklung ergibt sich dadurch, dass für den Serienanlauf des Airbus A350XWB thermoplastische faserverstärkte Bauteile in großer Stückzahl benötigt werden und daher ein neues Fertigungsverfahren für den Serienanlauf bereitgestellt werden muss. Hierdurch kann der technologische Vorsprung in Deutschland sichergestellt und durch die Projektpartner vermarktet werden.'),(2,2,1,'Centr-Al - Kompetenzzentrum Schweißen von Aluminiumwerkstoffen','Der Werkstoff Aluminium spielt in wichtigen Schlüsselindustrien eine zunehmende Rolle. Dabei treten immer neue fügetechnische Herausforderungen auf. In Bremen wurde die langjährige Erfahrung insbesondere zum Laserstrahlschweißen dieses Werkstoffs im „Kompetenzzentrum Schweißen von Aluminiumlegierungen – Centr-Al“ gebündelt, welches am BIAS angesiedelt ist. Begleitet von einem Beirat mit Mitgliedern aus der Wissenschaft, dem Bremer DVS sowie der bremischen Industrie (KMU und Großunternehmen aus Automobilbau, Schiffbau und Elektronik) und anfänglich ausgestattet mit einer Anschubfinanzierung des Landes Bremen, die auch Forschungsarbeiten mit kurzem Vorlauf ermöglichte, betreiben die Mitarbeiter Forschung und Entwicklung in öffentlich geförderten Projekten und in Kooperationen mit der Industrie.  Grundlagenuntersuchungen innerhalb des Kompetenzzentrums schaffen ein wesentliches Verständnis des Prozess- und Werkstoffverhaltens. Hier spielen neue Werkstoffe und Werkstoffkombinationen eine wesentliche Rolle, ebenso wie neue Verfahren und Systemtechnik, beispielsweise zur Qualitätssicherung. Auf diesen Grundlagen fußen anwendungsorientierte Arbeiten mit dem Ziel, letztendlich neue Technologien für den Anwender bereitzustellen. In der Anlaufphase des Kompetenzzentrums konnten 11 öffentlich geförderte Projekte mit einem Volumen von 2,7 Mio € sowie Industrieaufträge in Höhe von 1,9 Mio eingeworben werden und damit eine Verstetigung auf hohem Niveau sichergestellt werden. Heute ist mit mehr als 10 Mitarbeitern auf dem Gebiet des Aluminiumschweißens eine kritische Masse erreicht, die an einer deutschen Forschungseinrichtung ihresgleichen sucht. Durch laufende Forschungsarbeit wird kontinuierlich weiteres Know-how aufgebaut, mit dem das Kompetenzzentrum Schweißen von Aluminiumlegierungen Forschung zum Nutzen der Anwender betreibt.'),(3,3,1,'CS-FAP - Composite Structure- Flexible Automated Production ','Im Projekt CS-FAP soll durch die Entwicklung einer automatisierten Fertigungseinrichtung eine ressourcenschonende, flexible Herstellung großflächiger Strukturbauteile aus Composite-Materialien ermöglicht werden. Neben der Reduzierung von Harzüberresten und Faserhalbzeugbedarf steht dabei auch der Energiebedarf im Fokus der Betrachtung, da dieser deutlich gesenkt werden soll. Die Herstellung erfolgt z. Z. überwiegend manuell. Entstehende Ungenauigkeiten und mangelnde Reproduzierbarkeit werden bisher durch zusätzliche Faserlagen und ein Übermaß an Harz kompensiert. Dieses führt jedoch zu veränderten Bauteileigenschaften, erhöhter Bauteilmasse und damit zum verstärkten Ressourcenbedarf. Die optimierte Produktionskette für die Herstellung großflächiger Strukturbauteile aus Composite-Materialien gliedert sich in vier wesentliche Teilbereiche: Im ersten Teilbereich gilt es ein 2D-Drapierwerkzeug zu entwickeln, das ein vollständiges Lagenpaket in ein negativ- gekrümmtes Formwerkzeug positionsgenau ablegt. Dabei ist es möglich, Lagenpakete unterschiedlicher Länge, Breite und Dicke zu verarbeiten. Der zweite Bereich umfasst die Entwicklung eines Systems zur direkten Vermischung der Harzkomponenten. So wird immer nur so viel Harzgemisch hergestellt, wie tatsächlich benötigt wird. Die präzise Auftragung stellt ein robotergestützter Prozess sicher. Im Bereich der Werkzeugbeheizung soll durch Optimierung von Wärmezufuhr und -übertragung Energie eingespart werden. Hierzu sollen sensorgestützte und flexible Formwerkzeuge zum Einsatz kommen. In der Endbearbeitung / Qualitätskontrolle schließlich schafft eine teilautomatisierte Besäumung eine Kontrollmöglichkeit von Form- und Lagetoleranzen der fertigen Bauteile.'),(4,4,1,'HIT - Prozessorientiertes Wissensmanagementsystem','Das Projektziel ist die Bereitstellung eines intelligenten, kontextbasierten Wissensmanagement Systems für Entwickler, die im Bereich der Flugzeugentwicklung arbeiten. Nutzer, die eine spezifische Aufgabe erledigen (z.B. Design einer Rippe für A350) erhalten eine kontextspezifische Unterstützung bei ihrer Aufgabe in Form von Dokumenten und ähnlichen Wissensartefakten. Diese Unterstützung kann durch die Referenzierung auf einen generischen Prozess erreicht werden. Alle existierenden Artefakte sind mit Aktivitäten verknüpft, die wiederum den Aufgaben in konkreten Projekten entsprechen. Hierdurch kann bei der Bearbeitung einer neuen Aufgabe (bspw. für A3XX) das Konstruktionswissen angeboten werden'),(5,5,1,'LeiSe - Leichtbau-komponenten für Schiffselemente ','Der Schiffbau in Europa sieht sich in den Volumensegmenten wie z.B. dem Containerschiffbau einem hohen Kostendruck im Vergleich zur asiatischen Konkurrenz ausgesetzt. Erfolgreiche und qualitativ hochwertige Produkte deutscher Werften und Zulieferer, vor allem im Sonderschiffbau, sind durch anspruchsvolle technologische Lösungen und innovative Konzepte gekennzeichnet, welche spezifische Kundenbedürfnisse erfüllen können. Der Fokus des Verbundvorhaben LeiSe liegt auf zweierlei Grundbedürfnissen: Komfort und Erhöhung der Tragfähigkeit durch Leichtbau. Priorität im Schiffbau haben neben der Funktionalität die Sicherheit und in zunehmendem Maße die Themen Energieeffizienz sowie Umweltverträglichkeit. Im Rahmen des Forschungsvorhabens LeiSe sollen die im Schiffbau üblichen Maßnahmen zur Schalldämmung durch innovative Leichtbaustrukturen aus akustisch wirksamen Materialkombinationen substituiert werden. Ansatzpunkte sind dabei  •	die Ausbreitungswege desSchalls und •	die Immissionspunkte. Die angestrebte Gewichtsersparnis im Vergleich mit einer herkömmlichen Schiffsstruktur aus Stahl liegt bei 20 – 25%. Für den Ausbreitungsweg des Schalls werden Materialien bzw. Materialkombinationen eingesetzt, die durch hohe Verlustfaktoren Körperschallenergie während der Ausbreitung im Transferweg dämpfen. Ebenso sollen durch konstruktive Maßnahmen die am Immissionspunkt ankommende Körperschallenergie vermindert werden. Dieses wird durch Materialkennwertsprünge im Transferweg und damit verbundenen Reflexionen der Körperschallwelle erzeugt. Für die Schallimmissionspunkte selber ist eine wirksame Kombination aus leichtbauenden Schiffsstrukturteilen in Verbindung mit Isolierungs- und Innenausbauelementen zu entwickeln. Die Optimierung der Strukturteile konzentriert sich dabei auf eine Substitution einzelner Schottwände durch Leichtbaustrukturen in z. B. Sandwichbauweise. Bei der Weiterleitung von Körperschall aus der Schiffsstruktur in Verbundwerkstoffkomponenten sind eine höhere Dämpfung '),(6,6,1,'LAR - Large Area Robot ','In diesem Vorhaben wird die automatisierte Herstellung großflächiger Leichtbaustrukturen aus Faserverbundwerkstoffen mittels mobiler Fertigungseinrichtung behandelt. Hoch belastete Leichtbauteile (z.B.: Rotorblätter für Windenergieanlagen, Tragflächen für Flugzeuge, Bootsrümpfe, etc.) bestehen überwiegend aus Glas- oder Kohlenstofffasern und einem Polymer als Matrixwerkstoff. Bei der anspruchsvollen Fertigung werden Fasergelege zugeschnitten, in eine Form eingelegt und anschließend mit Kunststoffharz imprägniert. Am Beispiel der Windenergieanlagenindustrie wird deutlich, dass sowohl die steigenden Dimensionen (Offshore- Windenergieanlagen mit einem Rotorblattdurchmesser von bis zu 120 Metern) als auch steigende Stückzahlen, neuartige Produktionsverfahren erfordern. Hersteller großflächiger Leichtbaustrukturen stehen durch steigende Anforderungen an Ressourceneffizienz, Umwelt- und Arbeitsschutz vor besonderen Herausforderungen. In diesem Vorhaben wird ein mobiles Produktionssystem entwickelt und am Beispiel einer Fertigungsanlage für die Windkraftindustrie evaluiert. Mit Hilfe eines innovativen Steuerungs- und Regelungskonzepts soll ein mehrstufiges modulares System erarbeitet und umgesetzt werden. Durch die flexible Anpassung an unterschiedliche Produktionsprogramme, liefert dieses System einen Beitrag zur Erfüllung hoher Qualitätsanforderungen bei gleichzeitig hoher Produktionsmittelauslastung.'),(7,7,1,'mapretec - Ein Verfahren zur preform Herstellung','Im Projekt mapretec soll durch den Ausbau der Automatisierung die Fertigung von Rotorblättern in der Windkraftindustrie verbessert werden. Rotorblätter für Windenergieanlagen werden hauptsächlich aus endlosfaserverstärkten Kunststoffen hergestellt. Durch die große Anzahl an verstärkenden Faserlagen sowie dem hohen zeitlichen und personellen Aufwand bei deren Drapierung ist die Fertigung von Rotorblättern sehr kostenintensiv, die Formbelegungszeiten sind lang. Der Einsatz der Rotorblätter unterliegt im Offshore-Bereich besonders hohen Qualitätsanforderungen. Diesen kann die manuelle Fertigung der Rotorblätter nur teilweise gerecht werden. Bei der Ablage der großflächigen Multiaxialgelege in teilweise komplexen Geometrien von Hand verschieben sich die einzelnen Lagen oft undefiniert zueinander. Zudem treten ungewollte Fehler, so genannte Drapierungsmoden auf. Im Zuge des Projektes sollen die Gelege zunächst auf einem speziellen, ebenen Träger abgelegt werden, um so einen Stapel mit vorgegebenem Lagenaufbau zu bilden. Ein undefiniertes Verschieben der Lagen zueinander wird durch die Einbringung eines Binders verhindert. Anschließend erfolgt die Formgebung und Ablage des Stapels in die endformnahe Geometrie. In dem Projekt sollen zum einen spezielle und erweiterte preforming- und Bindertechnologien sowie die Anlagentechnik für den Umformvorgang (Compact Moulding Technology, CMT) entwickelt werden. Zum anderen ist geeignete Sensortechnik zu bestimmen, um die Prozessparameter ermitteln und einen automatisierten Prozess regeln zu können. In Kombination mit dem Einsatz von verschiedenen Harzinjektionsverfahren ergibt sich so eine Fertigungskette, die in Bezug auf Positioniergenauigkeit, Reproduzierbarkeit und Fertigungsgeschwindigkeit Vorteile gegenüber den aktuellen Fertigungsmethoden bzw. –prozessen besitzt und die Automatisierung der Rotorblattfertigung vorantreibt'),(8,8,1,'POWER-VR Einsatz von Simulations- und VR-Werkzeugen ','Ziel des Vorhabens ist die Entwicklung eines Rahmenkonzepts, mit dem der Einsatz von VR-Technologie im operativen Alltag der beteiligten Schiffbau-Unternehmen ermöglicht wird. Dabei sind besondere Schwerpunkte die anwendungsgerechte Datenbereitstellung von 3D- und Metadaten sowie die Entwicklung fehlender prozessübergreifender und prozessspezifischer VR-Werkzeuge. Unterteilt ist das Verbundvorhaben in verschiedene Teilprojekte und das BIK untersucht im Rahmen des Vorhabens den Einsatz von Simulations- und VR-Werkzeugen zur Unterstützung des Zertifizierungsprozesses bei sicherheitsrelevanten Teilsystemen. Die deutsche Schifffahrtsindustrie sieht sich aufgrund von weltweiter Konkurrenz steigenden Anforderungen an ihre Produkte und Arbeitsweisen ausgesetzt. Konkret bedeutet dies für den am Projekt beteiligten Systemzulieferer für Rettungssysteme  ?Forderung nach Rettungssystemen mit größeren Passagierkapazitäten ?Verringerung des zur Verfügung stehenden Bauraums ?Bessere (optische) Integration der Rettungssysteme in die Schiffstruktur ?Höherer Kostendruck ?Schnellerer Time-to-market. Im Rahmen des Projekts sollen Modellierungstechniken und Virtual-Reality- Techniken eingesetzt werden. Es sollen parametrisierter Mehrkörpersimulationsmodelle zur Berechnung von Bewegungsabläufen von Rettungssystemen in Notfallsituationen und zur Bereitstellung von Lastannahmen für FEAnalysen erstellt werden. Eine anschließende Verifikation der Simulationsergebnisse soll durch Augmented Reality (Überlagerung von realen videodokumentierten Prüfstandsversuchen und virtuellen Simulationsergebnissen) erfolgen. Durch den Einsatz von Augmented Reality wird weiterhin eine optische Integration (virtuelles Retrofit) von Rettungsmitteln angestrebt. Schiffseigner sollen durch den Einsatz von mobilen Endgeräten befähigt werden, optische Auswirkungen durch den Austausch von Rettungsmitteln virtuell bei einem Rundgang auf dem realen Schiff zu erfahren. Ziel ist es, den Systemlieferanten neue Perspektiven zu eröffnen.'),(9,9,1,'SemProM - Semantic Product Memory ','Mobile Dual-Arm-Manipulation und Digitale Produktgedächtnisse verbessern die autonome Handhabung heterogener Objekte. Der mobile, autonome Dual-Arm-Roboter AILA kann heterogene, in Form und Objekteigenschaften stark voneinander abweichende Gegenstände (Flaschen, Kartons, Beutel) individuell handhaben. Dabei adaptiert AILA ihr Greif- und Transportverhalten an die spezifischen Eigenschaften des Gegenstandes mit Hilfe der im Digitalen Produktgedächtnis abgelegten Objektinformationen, bspw. Größe, Gewicht und Greifpunkte des Objektes. AILA besteht aus einem anthropomorphen Körper auf einer fahrbaren Plattform. Zwei Arme mit je sieben Gelenken, der Torso mit vier Freiheitsgraden und der schwenk- und neigefähige Kopf bilden den Oberkörper. Die beiden Leichtbauarme können deutlich mehr heben, als sie selbst wiegen (Nutzlast/Eigengewichtverhältnis größer 1). Die Sensorik des Roboters setzt sich wie folgt zusammen: -	Eine Stereo- sowie eine 3D-Kamera zur Objekterkennung und Lagebestimmung, die den Roboter in der Annäherungsphase an Objekte unterstützen.  -	Zwei Computer zur Bildverarbeitung und Bewegungskontrolle im Körper sowie einem Navigationscomputer in der mobilen Plattform.  -	Das „Nervensystem“ besteht aus CAN-Linien für die Kommunikation mit den Armen und den Radmodulen und einem GigaEthernet-Netzwerk für die Kommunikation zwischen der Stereokamera und den drei Computern. Die mobile Plattform besteht aus sechs Rädern mit je zwei Freiheitsgraden (Lenkung und Antrieb), die über unabhängige CAN-Linien kontrolliert werden. Die omnidirektionale Lenkung und die Aufhängung jedes Radpaares an einer nicht-aktuierten Rotationsachse machen die Plattform extrem wendig auch in moderat unebenen Umgebungen. Zwei Laserscanner überwachen die Umgebung, erkennen das Arbeitsfeld und unterstützen so die präzise Annäherung an die zu handhabenden Objekte.'),(10,10,1,'NeMoLand - Neue Mobilität im ländlichen Raum','Im Projekt NeMoLand werden Flottenversuche mit Elektrofahrzeugen durchgeführt und Technologiekonzepte im Bereich Elektromobilität erprobt. Ziel des Projektes ist es, die Nutzung von Elektrofahrzeugen insbesondere im bisher nur wenig betrachteten ländlichen Raum zu evaluieren. Dabei werden einerseits Standardfahrzeuge an ausgewählte Flottenbetreiber im Raum Bremen-Oldenburg vergeben. Das Verhalten der Fahrzeuge wird in Echtzeit aufgezeichnet und Nutzererfahrungen werden über Fragebögen und Workshops erfasst. Die gesammelten empirischen Daten dienen als Grundlage für sozio-ökonomische Analysen des Potentials von Elektrofahrzeugen für den ländlichen Raum. Außerdem werden neue Technologien und technische Konzepte im Bereich Elektromobilität und mit einem besonderen Fokus auf den Einsatz im ländlichen Raum umgesetzt und erprobt. Insbesondere die Entwicklung und Erprobung neuer Fahrzeugkonzepte steht dabei im Vordergrund. Auf Basis des in einem Vorgängerprojekt entwickelten EO smart connecting car wird ein innovatives Elektrofahrzeug konzipiert und aufgebaut. Die im ersten Prototypen  des  EO smart connecting car bereits angelegte Funktionalitäten, wie die morphologische Anpassung des Fahrzeugs an verschiedene Fahrsituationen, die Verkopplung mehrere Fahrzeuge und Erweiterungsmodule zu neuen funktionalen Einheiten (z.B. Road Trains) und die Umsetzung neuer Fahrmodi (z.B. laterale Bewegung und seitliches Einparken) werden im Folgefahrzeug  weiter optimiert und mit einem vereinfachten Leichtbau-Design verknüpft. Letzteres zeichnet sich durch ein modulares Chassiskonzept und die konsequente Nutzung innovativer Leichtbaumaterialien aus.'),(11,11,1,'Strategien für die Energieversorgung und –verteilung in heterogenen, autarken Sensornetzwerken','Sensoren oder Sensorknoten, die selbstständig und unabhängig arbeiten, sind zum Zeitpunkt ihrer Aktivität von einer angepassten Stromversorgung abhängig. Um diese zu gewährleisten, kann auf Energieernte und ggf. Zwischenspeicherung zurückgegriffen werden. Im Kern muss jedoch ein adäquates Energiemanagement zur Verfügung stehen, das unter Berücksichtigung der spezifischen Energielieferanten, des Zwischenspeichers und der Anwendungskriterien eine zeit- und leistungsabhängige Energieversorgung etabliert. Aufgabe des Projektes ist die Entwicklung von Strategien, die situationsspezifisch eine elektrische Versorgung von Sensoreinheiten und Knoten- bzw. Kommunikationspunkten gewährleisten. Der Modellierung und Simulation dieser Strategien folgt eine reale Implementierung auf Basis eines neu zu entwickelnden Mikrokernels. Im Projektablauf werden zunächst gängige Mikrokontrollern für diese Aufgabe genutzt, im weiteren Verlauf FPGAs, um Bauraum und Energie zu sparen.'),(12,12,1,'Greifer mit 3D Belastungsdetektion','The dynamic process of grasping  different kinds of objects which are pressure sensitive is difficult to handle with classical feedback controllers based on few force sensor values acquired and processed outside of the gripper structure. Side effects like slipping can not be detected at all or too late. Miniaturized smart sensors embedded in structures like grippers can significantly increase the perception of the environment with which a structure interacts.   A high-density  network of strain-gauge sensors distributed in/on the gripper structure providing local sensor signal-to-information computation can deliver much more suitable information.  Traditionally, strain-gauge sensors are used to measure an applied force in a specific direction. The analog signal acquisition is difficult due to low noise immunity of weak input signals. External signal acquisition with a large distance from sensor to electronics raises noise and reduces signal-to-noise ratio and resolution. We propose and demonstrate the integration of an active smart sensor network into a mechanical gripper structure (finger). The network consists of several highly miniaturized low-power sensor nodes providing sensor signal acquisition, data processing, and communication. Each sensor node can handle up to two strain-gauge sensors detecting different forces at different positions of the gripper structure. The relation between strain and force is derived from FEM simulation of the gripper structure under certain load conditions.'),(13,13,1,'Simulationsverfahren für „intelligente\" Strukturen','Die Auslegung sensorischer Materialien erfordert neue Simulationskonzepte, die über Ansätze wie die Finite-Elemente-Methode (FEM) hinausgehen. Im Projekt wird eine Lösung entwickelt, welche die FEM-Herangehensweise mit der multiagentenbasierten Simulation verbindet. Das Verfahren unterstützt die lokale autonome Steuerung und Entscheidungsfindung einzelner Komponenten auf unterschiedlichen Granularitätsebenen und bildet die Kommunikation zwischen diesen Einheiten einschließlich ihrer Auswirkungen auf die physikalische Ebene ab, z.B. in einem Sensor-Aktor-System. Dies beinhaltet eine explizite deklarative Repräsentation der beteiligten Sensoren, Aktuatoren und Kommunikationselemente und ermöglicht eine Erklärungskomponente für Simulationsläufe.'),(14,14,1,'ModuACT - Entwicklung von Kommunikations-strategien und proof-of-concept anhand eines verteilten Sensornetzwerkes ','Eine große Anzahl von Sensoren (Kommunikationsknoten) sollen über ein Netzwerk miteinander verbunden sein und einerseits Daten in Form von Nachrichtenaustausch empfangen, senden und weiterleiten können, andererseits Daten lokalen und globalen Ursprungs verarbeiten, diese in ihrer Gesamtmenge reduzieren und auf wesentliche Aussagenmerkmale zurückführen können. Dieses Netzwerk von Kommunikationsknoten soll mit Hilfe eines einfachen Kommunikationsprotokolls nachrichtenbasiert und mit Remote-Procedure-Call-Semantik Sensordaten und Ergebnisse aus der Verarbeitung dieser Datenmenge austauschen. Die gesamte Knotenfunktionalität soll mit Digitallogiksystemen wie FPGAs in einer System-on-Chip-Lösung implementiert werden. Die logische Lokalität jedes Knotens soll mit Hilfe des Netzwerkprotokolls und Nachrichtenaustausch ortbar sein. Eine permanente und lokale Adressierung der Netzwerkknoten entfällt. Die Netzwerktopologie kann, aber muss keine redundanten Verbindungen enthalten. Alle Netzwerkknoten bilden einen anonymen Tupelraum, der mittels Gruppenkommunikation implementiert wird. Die erarbeiteten Lösungen bezüglich Kommunikationsknoten und -netzwerken werden zwecks proof-of-concept in einem modular aufgebauten Roboter-Aktuator umgesetzt.'),(15,15,1,'SeeGrip','Ziel des Projektes SeeGrip ist die Entwicklung eines Unterwassermanipulators, welcher durch taktile Sensorfelder und mehrgliedrige End-Effektoren in der Lage ist, form- und kraftschlüssige Objektmanipulationen durchzuführen. Mit den zunehmend komplexer werdenden Manipulationsaufgaben in Tiefseeumgebungen steigt der Bedarf an Rückkopplung sensorischer Daten aus dem Greifersystem. Heutige Unterwassermanipulatoren liefern neben optischen Informationen nur eingeschränkt Informationen propriozeptiver Art (wie z.B. Gelenkpositionen) und keine weiteren exterozeptiven Sensordaten (wie z.B. aufgebrachte Kräfte). Dadurch werden Arbeitsvorgänge zu einer zeitaufwändigen und anstrengenden Tätigkeit für die Operatoren. Bei schwer oder nicht einsehbaren Operationsumgebungen führt dies dazu, dass Manipulationsaufgaben nicht durchgeführt werden können, da in diesem Falle blind operiert werden müsste. Mit dem SeeGrip Manipulator wird sich die Effizienz und das Einsatzspektrum von Tiefseemanipulatoren durch den Einsatz großflächiger Sensornetze massiv erhöhen. Neben der dadurch realisierbaren Rückkopplung von haptischen Informationen an den Operator können die taktilen Sensorfelder dazu verwendet werden, kritische Situationen – wie das Rutschen von Objekten aus der Greiferfläche – frühzeitig durch die Implementierung von autonomen Verhalten zu erkennen und entgegenzuwirken. Anders als mit herkömmlichen Manipulatorsystemen für den Einsatz unter Wasser werden durch die Verwendung von flexiblen gliedartigen Greiferstrukturen in Zusammenspiel mit der integrierten Sensorik sanfte Handhabungsvorgänge ermöglicht werden. Um die Tiefseetauglichkeit der Komponenten untersuchen und verifizieren zu können, wird der Manipulator in einer Druckkammer im Unterwasser-Teststand Drücken von bis zu 600 bar ausgesetzt.'),(16,16,1,'Innovations-management in der Energiewirtschaft','Die Unternehmen der Energiewirtschaft unterstehen ganz besonderen und einzigartigen Herausforderungen. Die Veränderungen gesetzlicher Rahmenbedingungen und die daraus resultierende Marktliberalisierung sowie das „Unbundling“ geben neue Entwicklungsrichtungen vor. Der Klimawandel und das damit einhergehende öffentliche Interesse an regenerativer Energie sind die Basis für neue Geschäftsmöglichkeiten. Nicht zuletzt bietet die Konvergenz zu anderen Branchen wie der Telekommunikation und der Automobilindustrie sowohl Chancen als auch Risiken. Aufgrund dieser einzigartigen branchenspezifischen Bedingungen gewinnt das Innovationsmanagement in diesem Bereich immer mehr an Bedeutung. Es stellt sich die Frage, wie das Innovationsmanagement in einem Unternehmen der Energiewirtschaft gestaltet werden muss, um den Erfolg auf diesem sich stark wandelnden Markt sicherzustellen. Die Zielstellung ist die Entwicklung eines Reifegradmodells des Innovationsmanagements für Energieversorger. Dies erfolgt mithilfe von Fallstudien in branchennahen und -fremden Unternehmen. Mit Hilfe dieses Modells wird es Energieversorgern möglich sein, die eigenen Innovationsaktivitäten einzuschätzen und darauf aufbauend Verbesserungspotentiale zu identifizieren.'),(17,17,1,'Semantische Patentlandkarten','Die Patentierung von Erfindungen hat sich in zahlreichen Unternehmen bewährt. Allerdings greift an verschiedenen Aspekten der Patentierung ein „Information Overflow“ an, der die Unsicherheit auf diesem Gebiet beträchtlich erhöht. Dieser entsteht nicht zuletzt durch die kontinuierlich hohe Anzahl jährlich angemeldeter Patente. Ein Mittel zur Bewältigung des „Information Overflow“ und damit zur Verringerung der Un-sicherheiten besteht in der Anwendung semantischer Patentlandkarten. Sie entstehen durch die geschickte Kombination von semantischer Textanalyse und mathematisch-statistischer Verfahren. Im Rahmen dieses Forschungsvorhabens soll der erfolgreiche Einsatz semantischer Patentlandkarten im Anwendungsfeld der Antriebstechnik – speziell Planetengetriebe – getestet und hinsichtlich Monitoring, Priorisierung und dem Aufdecken versteckter Patente demonstriert werden'),(18,18,1,'Semantisches Biomapping','Die Zielsetzung des Vorhabens ist die Entwicklung eines neuen Werkzeugs für die Analyse und Bewertung von Patenten im Bereich der Biotechnologie und der Biomedizin. Unsere Zielsetzung soll Grenzen der gegenwärtigen Strategien in der Bewertung von Erfindungen und Patenten überwinden. Der kommerzielle Wert einer Erfindung wird maßgeblich durch ihre Exklusivität bestimmt. Die Erfassung der Exklusivität ist von der gründlichen Analyse des Standes der Technik und der vollständigen Erfassung aller feindlichen Patente abhängig. Die Vollständigkeit dieser Analyse wird durch die zunehmend größere Zahl von Patenten und Patentanmeldungen er-schwert. Erfinder und Patentanwälte werden von der großen Zahl an möglicherweise feindli-chen Dokumenten bei der konventionellen Suche in den weltweiten Datenbanken überflutet. Hier werden wir das Potential der semantischen Textanalyse und des Patent Mapping einset-zen, um den Prozess der Patentanalyse und Patentbewertung zu vereinfachen. Dieses Ziel erfordert die Entwicklung neuer Software und einer neuen Methodik. Wir erwarten ein wert-volles Werkzeug für zukünftige Erfinder, Unternehmensgründer und Investoren zu erschaffen.'),(19,19,1,'Verwertungs-offensive Strategieförderung','Das IPMI bearbeitet das Teilprojekt 1a \"Technologiefeldexploration mit N-gramm- und semantischen Textanalysen\" des Gesamntprojektes \"Verwertungsoffensive Strategieförderung\". Ein Großteil des vorhandenen Wissens spiegelt sich in Patenten und wissenschaftlichen Veröffentlichungen wider. Dieses öffentlich zugängliche Wissen ist deshalb eine besonders interessante Informationsquelle zur technologischen Kompetenz der betreffenden Organisationen. Leider wird dieses Wissen in den Universitäten und Unternehmen oft nur verwaltet statt es strategisch zu nutzen, bspw. um frühzeitig neue Technologieentwicklungen zu erkennen, und dann die Forschung und Entwicklungen gezielt voranzutreiben, d.h. radikale Innovationen zu generieren und zu verwerten. Die FuE-Abteilungen der Unternehmen und die Universitäten werden von der großen Zahl wissenschaftlicher Veröffentlichungen und Patente bei der konventionellen Datenbankrecherche überflutet. Das Aufspüren wichtiger Dokumente wird unter ökonomischen Gesichtspunkten zunehmend schwieriger („Information overflow“). Zwei für die Hochschulen und Forschungsinstitute herausragende Technologiefelder, die Mikrosystemtechnik und Materialwissenschaft, sollen mittels IT-gestützten semantischen Textanalysen in Kombination mit mathematisch-statistischen Verfahren analysiert werden. Dazu werden aus den wissenschaftlichen Veröffentlichungen und Patentschriften semantische Strukturen extrahiert und mit dem verfügbaren Wissen von  Unternehmen in Deutschland und Europa verglichen. Als Analyseergebnis entstehen Ähnlichkeitsmatrizen, die mithilfe von Wissens- und Patentlandkarten visualisiert werden können.'),(20,20,1,'Multi-scale approach for prediction of electrical properties of carbon nanotube reinforced polymer composites','Das Projektziel besteht in der Entwicklung und Anwendung eines Multi-Skalen-Simulationsansatzes fu¨r vorhersagesichere Berechnungen elektrischer Transporteigenschaften in Kohlenstoffnanoröhrenverstärkten Polymeren (CNRP), welcher Lagdungstransport-Mechanismen auf atomarer Skala sowie realistische Morphologien und Verteilungen der Kohlenstoffnanoröhren (CNTs) auf mikroskopischer Skala beru¨cksichtigt. Auf atomarer Skala wird der Ladungstransport in CNT/Polymer/CNT-Kontakten unter realen Mikrostrukturbedingungen betrachtet. In einer Kombination klassischer Molekulardynamik( MD)-Simulationen mit der quantenmechanischen Beschreibung der zugehörigen Elektronenstruktur werden quantitative elektronische Transportdaten entlang der MD-Trajektorien berechnet. Die Transportdaten werden durch Anwendung von coarse-grained Hopping-Modellen und Nichtgleichgewichts- Greens-Funktions(NEGF)-Methoden ermittelt. Inputdaten typischer Ausrichtungen und Abstandsverteilungen der CNTs in realistischen Mikrostrukturen werden in Mikroskala-Simulationen erhalten und die resultierenden Kontakte klassischen atomistischen MD-Simulationen unterworfen, um relevante CNT/Polymer/CNT-Kontakte fu¨r die Elektronenstruktur- und elektrischen Transport- Rechnungen zu äquilibrieren. Auf der mikroskopischen Skala werden repräsentative Volumenelemente bezu¨glich des Perkolationsverhaltens analysiert unter Variation des Gewichtsanteils, Dispersionsgrades, der Ausrichtung und Tortuosität der CNTs. Basierend auf den atomistisch bestimmten Kontaktwiderständen und Tunnelreichweiten werden elektrische Leitfähigkeiten realistischer Mikrostrukturen mittels Finite Elemente Methode (FEM) berechnet.'),(21,21,1,'InSiGen - Integration von Simulations-werkzeugen ','Das Projekt InSiGen besteht aus der Kooperation der Firma MARCAM und dem Institut ISEMP mit dem Ziel Simulationswerkzeuge (ISEMP) in die Datenaufbereitung für ALM-Verfahren (MARCAM) zu integrieren. Beim Projektinhalt handelt es sich wesentlich um Grundlagenforschung, welche neue Erkenntnisse und Grundlagen über den Laserschmelzprozess in Form eines Software-Demonstrators liefern soll.  Durch die Simulation des Bauprozesses können Aussagen über die internen Spannungen abgeleitet und die Auswirkungen unterschiedlicher Arten, Platzierungen und Dimensionierungen von Stützgeometrien auf das Deformationsverhalten analysiert werden. Durch eine enge Zusammenarbeit mit den Endanwendern AIRBUS und ASTRIUM wird eine industrienahe Entwicklung gewährleistet. Das so erlangte Wissen dient als Grundlage für die Erstellung erster Richtlinien und als Basis für weitere Forschungsvorhaben. Die in diesem Projekt entwickelten Simulationswerkzeuge werden zusammen mit dem erzielten Anwenderwissen der Industrie als Ingenieursdienstleistung angeboten. Durch dieses Angebot wird die Attraktivität der auf Metallwerkstoffen basierenden AML-Verfahren als Fertigungsverfahren der nächsten Generation mittels neuer Simulationswerkzeuge und erweitertes Prozesswissen erhöht. '),(22,22,1,'Neues generatives Verfahren zur Produktion von intelligenten Werkzeugen','Entwicklung des neuen generativen Verfahrens Plate Diffusion Brazing (PDB) zum Fügen von Metallblechen. Die Ziele des Vorhabens sind  - die Weiterentwicklung des PDB-Verfahrens zur Produktionsreife; - die Erprobung des PDB-Verfahrens für den Einsatz zur Fertigung von Endprodukten  sowie - die Evaluierung der Effizienz des PDB-Verfahrens im Vergleich zu existierenden Verfahren hinsichtlich Aufbaugeschwindigkeit, Produktionskosten und Qualität der hergestellten Bauteile. Die Technologieentwicklung zielt in erster Linie auf die Fertigung von Spritzgusswerkzeugen ab. Im Fokus der Entwicklung steht die Realisierung von konturangepassten, dichten Tempe-rierkanälen im inneren Bereich der Werkzeuge, die den realen Produktionsbedingungen beim Spritzgießen (hoher Druck und hohe Temperatur) standhalten.  Im Rahmen des beantragten Projektes sollen die werkstoff- und prozesstechnischen Grundlagen sowie die wirtschaftlichen Aspekte des PDB-Verfahrens erarbeitet und analysiert werden.'),(23,23,1,'SimCus-Softwaremodul zur effizienten Analyse und Optimierung der thermischen Prozessführung','Das Projekt SimCus befasst sich mit der Entwicklung und Realisierung eines Softwaremoduls zur thermisch optimierten Prozessführung für das generative Fertigungsverfahren LaserCUSING. Das zu entwickelnde Softwaremodul wird durch zeiteffiziente Topologieanalyse eine optimierte Aufbaustrategie zur Steigerung der Bauteilqualität und vor allem zur Reduzierung der Mikrodefekte im Bauteil ermöglichen. Die softwaretechnische Implementierung dieses Moduls in den Datenfluss der Prozesskette ermöglicht eine unveränderte Anwendung des Verfahrens, sodass das entwickelte Modul für jeden Maschinenbetreiber ohne weitere Kenntnisse einsetzbar sein wird. Die Möglichkeiten und Potentiale des zu entwickelnden Softwaremoduls werden am Beispiel von Bauteilen aus Luft- und Raumfahrt, Automobilindustrie und Maschinenbau demonstriert.'),(24,24,1,'Thermofoil-Entwicklung eines innovativen Heizsystems','Das Projekt Thermofoil befasst sich mit der Entwicklung eines innovativen elektrischen Flächenheizsystems, das auf jeder beliebigen Flächengeometrie und -topologie generiert werden kann und damit ein sehr hohes Anwendungspotential aufweist. Der Aufbau des Heizsystems erfolgt dabei durch die intelligente Kombination aus Kohlenstoff-Nanopartikel dotierten Polymeren und thermisch gespritzten Kontaktierungsschichten. Aus dem schichtweisen Aufbau ergibt sich eine vollflächige Kontaktierung der eigentlichen Heizschicht und daraus resultierend ein senkrecht zur Fläche fließender Heizstrom, was eine Innovation im Bereich der Heiztechnologien darstellt. Die Vorteile eines solchen Aufbaus sind eine sehr homogene Temperaturverteilung sowie eine hohe Resistenz gegenüber mechanischen Beschädigungen. Zum Nachweis der hohen Funktionalität des Heizsystems, werden im Rahmen des Projekts verschiedene Heizsystemdemonstratoren entwickelt und gefertigt. Anhand dieser werden die produktionstechnische Effizienz und das Einsatzpotenzial des neuen innovativen Heizsystems erforscht.'),(25,25,1,'InfoSys - Aufbau eines Informationssystems ','Ziel des Projekts ist, das bisher weitestgehend dezentral und heterogen organisierte Datenmanagement im Bereich der Werkstoffwissenschaften in eine leistungsfähige, zentral organisierte Dateninfrastruktur zu überführen, um dadurch werkstoffwissenschaftliche Forschungsdaten langfristig und nachhaltig der Forschergemeinde zur Verfügung zu stellen. Aus dem Projekt soll ein systematisches Vorgehen zum Umgang mit Forschungsdaten abgeleitet werden. Darauf aufbauend wird dann  eine softwaretechnische Lösung entwickelt. Diese soll offen gestaltet sein, Standards unterstützen und Schnittstellen zu anderen etablierten Datenbanken und Suchmaschinen bieten.'),(26,26,1,'Schwarz-Silber-Bauweisen für Aluminium-CFK-Übergangsstrukturen im Leichtbau','Bei der Entwicklung und Konstruktion von Leichtbaustrukturen finden zunehmend Kombinationen aus Verbundwerkstoffen und Metallstrukturen Verwendung, um die Bauteileigenschaften an die lokalen Anforderungen anzupassen. Derzeit erfolgt das Verbinden dieser Komponenten in der Regel über ein adhäsives oder mechanisches Fügen. Insbesondere im Hinblick auf gewichtsoptimierte, integrale Strukturen mit verbesserten mechanischen Eigenschaften sind jedoch neue Konstruktions- bzw. Fügesituationen denkbar und wünschenswert. Die Entwicklung integraler Bauweisen für hoch beanspruchbare und zuverlässige Aluminium-CFK-Übergangsstrukturen im Leichtbau ist daher Kernziel der DFG-Forschergruppe „Schwarz-Silber“ (FOR1224). Zu diesem Zweck werden die Aspekte Gestaltung, Auslegung, Herstellung und mechanische Eigenschaften grundlegend untersucht. Anhand von entsprechenden Verbindungskonzepten werden Aussagen zu deren Eignung hinsichtlich gewichtspezifischen Leistungsfähigkeit, Zuverlässigkeit und Herstellbarkeit erarbeitet.'),(27,27,1,'innoSPICE ','Um den Wissens- und Technologietransfer in der Ostsee-Region zu forcieren, entwickelte das vom TZI koordinierte INTERREG IVb-Projekt BONITA (Baltic Organization and Network of Innovation Transfer Associations) mit 13 Partnern aus den Ostsee-Anrainerstaaten einen neuen Qualitätsstandard für Innovation und Transferbefähigung: ISO/ IEC 15504 - InnoSPICE™. Audits im Rahmen dieses standardbasierten Modells bieten wissenschaftlichen Einrichtungen erstmals die Möglichkeit, ihre Transfer- und Innovationsprozesse strukturiert zu analysieren und verbessern. InnoSPICE ist ein Derivat der Norm ISO 15504/ SPICE, dem europäischen Standard für Assessments von Unternehmensprozessen mit dem Schwerpunkt auf Softwareentwicklung. „So wie bereits alle Zulieferer der Automobilindustrie nach der Variante Automotive SPICE zertifiziert werden, entsteht mit InnoSPICE ein Qualitätsmanagement für Wissens- und Technologietransfer in forschungsintensiven Einrichtungen“, berichtet Dr. Michael Boronowsky. Die Nachfrage ist groß, denn die Europäische Kommission sieht die Effizienzsteigerung des Transfers von Ergebnisen aus der Wissenschaft in Wirtschaft und Gesellschaft als eine der großen Herausforderungen der kommenden Jahre an.'),(28,28,1,'Multi-Agenten basierte Datenverarbeitung in Sensornetzwerken','Zunehmende Miniaturisierung und Integrationsdichten in Materialien, die sensorische Informationen ihrer Umgebung liefern sollen, erfordern neue dezentrale Konzepte der Sensordatenverarbeitung und Informationsgewinnung. Betrachtet man konkret ein Sensornetzwerk welches in ein mechanisches Bauteil eingebettet ist, das aus einer großen Anzahl einfacher Sensoren - z.B. Dehnungsmessstreifen - besteht, so ist die zentrale Fragestellung, wie die umfangreiche Menge an Daten  auf verwertbare Informationen abgebildet werden kann. Die sensorischen Rohdaten sind hoch-dimensional und erfordern eine effiziente Vorverarbeitung und Selektion, die nur lokal in einem verteilten System umgesetzt werden kann, um den kommunikativen Aufwand zu reduzieren. Der Vorteil einer verteilten  Datenverarbeitung liegt weiterhin darin, dass die einzelnen Knoten dieses Netzwerks jeweils nur lokal-begrenzte Informationen über den gesamten Systemzustand benötigen, und aufgrund der reduzierten Funktionalität einfacher in Hardware auf Mikrochip-Ebene zu implementieren sind, einhergehend mit der Steigerung von Robustheit. Die einzelnen Knoten sollen mit Agenten interagieren, damit aus einem spatial und temporal variierenden externen Stimulus mittels Datenfusion eine verwertbare Information extrahiert werden kann, wie z.B. die Erkennung von geometrischen Deformationen (Risse) und Materialermüdung, für die lokale Sensordaten auf globale und spatialtemporal verteilte Merkmale abgebildet werden müssen.  Globale Eigenschaften, die aus verschiedenen lokalen Sensoren und Sensor-Typen extrahiert werden, benötigen Datenfusion, wie z.B. multi-modale Sensorfusion und Prinzipien der biologischen Informationsverarbeitung. Mit dem Ziel der Reduktion der Komplexität und Erhöhung der Robustheit benötigen diese eine Zusammenführung von Informationen auf verschiedenen Ebenen unterschiedlicher Granularität und eine Weiterleitung zwischen den einzelnen Ebenen.'),(30,30,1,'AVIABELT Bremen e.V.','AVIABELT Bremen e.V. ist ein Netzwerk engagierter Unternehmen und anwendungsorientierter Forschungsinstitute in der Metropolregion Bremen-Oldenburg. Das Netzwerk ist organisiert als Verein mit Sitz in Bremen. Die Mitglieder sind spezialisiert tätig im Technologiebereich der Luft- und Raumfahrt mit Schnittstellen zu weiteren Branchen wie Automobilbau, Windenergie und Schiffbau. Die Themenschwerpunkte des AVIABELT Bremen e.V. sind die Netzwerkbildung sowie der Technologietransfer. Hierbei geht es um die technische wie auch organisatorische Vernetzung zwischen Endproduzenten, Zulieferern bzw. Dienstleistern und wissenschaftlichen Einrichtungen in den Kompetenzbereichen Materialentwicklung, Hochauftrieb, Konstruktion, Fertigungstechnologie und Robotik. Mehr als 50 Unternehmen und Institute aus der Region Bremen sind im AAVIABELT organisiert – darunter viele große Vertreter der Branche.  AVIABELT - fungiert als Mittler zwischen externen Anforderungen und interner Problemlösungskompetenz der Mitglieder - unterstützt die Mitglieder bei Anpassung und Ausbau der Kompetenzen an die Anforderungen der Märkte und Branchen - stärkt und sichert die regionale Wirtschafts- und Innovationskraft - strebt weitere Kooperationen und Partnerschaften mit Verbänden, Clustern und Netzwerken an - ist interessiert an der Aufnahme neuer, kompetenter Mitglieder (Unternehmen, Forschungseinrichtungen)'),(31,31,1,'PROMET Weiterentwicklung Wabenfräsen','In der Luftfahrt sind gerade die gewichtsspezifischen Eigenschaften der dort verarbeiteten Komponenten von großer Bedeutung. Um die Formsteifigkeit, vor allem großflächiger Bauteile wie Klappen oder Schalen zu erhöhen wird häufig die sogenannte Sandwichbauweise angewandt.  Es handelt sich dabei um eine Form des Leichtbaus, bei der das Bauteil aus zwei steifen Deckschichten aufgebaut ist, die durch ein relativ weiches, schubschwaches Kernmaterial auf Abstand gehalten werden. Das Kernmaterial muss vor der Platzierung zunächst entsprechend der Form des zu füllenden Hohlraumes zwischen den Deckschichten bearbeitet werden. Das aus Aluminium gefertigte wabenförmige Kernmaterial wird durch einen Trennfräsprozess bearbeitet. Nach dem Fügeprozess der Deckschichten auf das Kernmaterial sind auf den Deckschichten linienartige, parallel verlaufende Verformung entlang der Bearbeitungsrichtung (Vorschubrichtung) des Wabenkerns zu beobachten. Die Frässtrategie wurde daraufhin insofern geändert, dass der Fräser nach jedem Schnitt aus dem Eingriff genommen wird, im Eilgang zur Ausgangsseite zurückfährt und erst danach die nächste Zustellung erfolgt. Die visuelle Inspektion des fertigen Bauteils nach der Änderung der Vorschubstrategie hat ergeben, dass die zuvor sichtbaren Verformungen verschwunden sind, allerdings steigt die Bearbeitungszeit durch die Unterbrechung des Schnittes an. Im Rahmen des Teilprojektes soll die Bearbeitung von Wabenstrukturen aus Aluminium hinsichtlich der im oberen Abschnitt beschriebenen Problematik einer gleichmäßigen Oberfläche optimiert werden. Dazu soll zum Einen der Ablauf des aktuell bestehenden Fräsprozesses analysiert und weiterentwickelt werden. Zum Andren ist geplant Neuentwicklungen auf dem Gebiet der Trennverfahren von Wabenstrukturen zu untersuchen. Das Ziel ist dabei die Optimierung des Trennverfahren von Wabenstrukturen zu untersuchen.'),(33,33,1,'WFB EcoMaT Website','Erstellung und Umsetzung des ECOMAT Webauftritts.'),(35,35,1,'OpenInn2.0: A Knowledge Generating House and e-Assessment Model','OpenInn ist ein europäisches Projekt im Rahmen des Programms Lebenslanges Lernen unter der Priorität \"Informations- und Kommunikationstechnologien\" des Querschnittsprogramms. Projekte mit dieser Priorität fördern Innovation und Kreativität beim Lernen und Lehren sowie den Einsatzes von neuen IKT-Werkzeugen und -Entwicklungen (http://openinn.linkmv.de/de/content/ueber-openinn).'),(36,36,1,'CFK-Integral','Ziel des Vorhabens war die Entwicklung und Validierung einer neuen CFK-Bauweise zur Herstellung hochintegraler Sturkturkomponenten. Diese Entwicklung dient der Substitution differenzieller Bauweisen durch die Weiterentwicklung eines Harz-Injektionsverfahrens für komplexe Bauteilgeometrien, um den Montageaufwand erheblich zu reduzieren. Das neue Verfahren wurde am Beispiel einer neu entwickelten Landeklappe erprobt, so dass eine Bauteilherstellung der 7,4 m langen Komponente in einem einzigen Injektionsvorgang durchgeführt werden konnte. '),(37,37,1,'Continuous Processing of Curved CFRP Profiles','Ziel dieses Vorhabens war die Entwicklung und Realisierung eines kontinuierlichen Drapierprozesses für textile Carbonfaser Halbzeuge. Im Gegensatz zur Herstellung metallischer Spanten und Stringer erlauben heutige CFK Fertigungstechnologien deutlich geringere Produktionsraten bei höheren Herstellungskosten. Daher wurde eine automatisierte und kontinuierlich arbeitende Prozesskette zur Herstellung von komplexen textilen Spantvorformlingen mit sog. LCF Profilquerschnitt entwickelt. Deren integrale Struktur bietet die Möglichkeit eine konventionelle Spant-Schubblech Bauweise zur Anbindung an einen Flugzeugrumpf zu ersetzen und damit den Montageaufwand zu verringern.'),(38,38,1,'Structural Health Monitoring: Lamb-Wellen in viskoelastischen FVW','Das Forschungsvorhaben \"Structural Health Monitoring (SHM): Untersuchung des Ausbreitungsverhaltens von Lamb-Wellen in viskoelastischen Faserverbundwerk\" untersucht den Einfluss von last-, alterungs- und umgebungs-bedingten Kennwertänderungen in Faserverbundwerkstoffen auf die frequenzabhängige Änderung von Dämpfung und Gruppengeschwindigkeit von Lamb-Wellen. Dies umfasst die Auswirkungen von Feuchte, Temperatur, statischer Last und mechanischer Kennwertdegradation durch zyklische Belastung. Dazu werden geeignete Probekörper entsprechenden Einflüssen ausgesetzt und die Änderungen des Dispersionsverhaltens der Lamb-Wellen mit oberflächenapplizierten Piezosensoren/aktuatoren gemessen. Neben der Bewertung der Eingflüsse werden so Rückschlüsse auf Materialzustand und optimale Systemauslegung ermöglicht. Ziel des Projektes ist es, das Wissen über die Auswirkungen von faserverbundtypischen Schädigungen und Umwelteinflüssen auf die Lamb-Wellen Ausbreitung zu erweitern.'),(39,39,1,'Charakterisierung der Drapierbarkeit von Multiaxialgelegen','Ziel des Projekt war es die Drapierbarkeit von Multiaxialgelgen mittels eines neuen Prüfgeräts besser untersuchen und verstehen zu können. Die Drapierbarkeit ist ein zentraler Faktor für sämtliche Preforming prozesse. Trotzdem gab es bisher kein automatisiertes, standardisiertes Prüfverfahren mit dem die Drapierbarkeit quantitativ erfassbar war.\nEs wurde das Prüfgerät DRAPETEST entwickelt, welches die Umformung eines Textilprüflings über einem Referenzkörper mittels einer Kamera erfasst und durcch bildanalytische Methoden auswertet. Damit sind vielfältige Drapiereffekte in 2D und 3D erstmals quantitativ erfassbar und damit auch weitergehenden analytischen oder numerischen Methoden zugänglich.\n'),(40,40,1,'IMac-Pro','Das Ziel des EU-Forschungsprojektes IMac-Pro (Industrialization of Manufacturing Technologies for Composite Profiles for Aerospace Applications) ist die Weiterentwicklung von Composite Preforming Technologien, die für die industrielle Fertigung von Luftfahrtprofilen wie Stringer, Spanten oder Balken im Rumpf geeignet sind. \n\nIn der Luftfahrt werden sehr hohe Qualitätsanforderungen an die Bauteile gestellt. Das FIBRE entwickelt Qualitätssicherungsverfahren für die neu zu entwickelnden Preforming Technologien. Mit bildanalytischen Verfahren werden die dreidimensionalen Oberflächen der Bauteile untersucht, um Fehler und Beschädigungen zu erkennen und die Faserorientierung zu messen. Die Verfahren werden sowohl für Preforms aus trockenen Multiaxialgelegen und –geweben als auch für geflochtene Preforms eingesetzt.'),(41,41,1,'ProTOn - Prozessbeherrschung des Thermoformens von Organoblechen','Ziel des Projektes ist es die Stabilität und Qualität des Thermoformprozesses von Organoblechen für die Großserie zu verbessern. Gegenwärtig ist der Prozess oft noch von Unsicherheiten geprägt und daher auf Nischenanwendungen reduziert. Um dies zu ändern werden die Einflussfaktoren des Prozesses genau untersucht, neue Hilfsstoffe (trennmittel), neue Prozessüberwachungsmethoden und eine Prozesssimulation entwickelt. '),(42,42,1,'Wear resistant coatings ','To simplify the complex and time consuming processing  to applay the stainless steel foils that were used as anti-abrasion strips on flaps, wear resistant coatings were investigated and successfully developed as alternative wear protection system. Initially, work was carried out to identify alternative materials for available epoxibased coatings that show a tendency to yellowing under in service conditions. Different commercially available UV coating systems were screened, but didn’t meet the required wear performance. \nDifferent modify polyurethane based external paints have been investigated modified with a number of different abrasion-resistant fillers (hard and soft) and so-called slip-additives  with different degrees of filling. Two fillers emerged as having suitable abrasion resistance. Further work showed that a number of boundary conditions, such as the curing conditions, had an effect on the abrasion resistance. The biggest challenge here was to be able to repair the coating during a night-stop (six to eight hours). Three materials were identified that met the requirements. These have been tested in flight tests on two Airbus A340-600 aircrafts. After qualification the material was implemented into the production and is now base line for all Airbus aircrafts.'),(43,43,1,'Simulation of materials and process behaviour','Material- und Prozessentwicklungen sind zu multi-disziplinären Herausforderungen in der Flugzeugentwicklung geworden. Neue Materialien und neue Prozesse müssen auf neue Designs mit strengeren Anforderungen an die technische Reife unter Kostenrestriktionen angepasst werden. Modelling und Simulation sind hierfür Werkzeuge, mit deren Hilfe diese Herausforderungen identifiziert werden.\n\nZiel des Vorhabens ist es von Seiten Airbus Prozesse der Simulationstechnik im Bereich  M und P zu beschleunigen und effizienter zu gestalten. Dies umfasst u.a. Assembly Technology (z. B. Entwicklung und Qualifikation von Verbindungselementen), Oberflächentechnologie, NDT-Verfahren sowie CFK und metallische Werkstoffe.'),(44,44,1,'Micro-structured Coating for skin friction reduction','The riblet technology is a very promising enabler for reducing fuel burn and an important contributor for Airbus’ ambitious targets regarding environmental footprint. The main advantage is the application on today aircraft fleet. Several tests have validated the aerodynamic benefit of the application of a microstructure into the external surface an aircraft. A new coating material, which is applied on top of the external topcoat or which can substitute the current clear coat, has successfully been developed towards an industrial level. The results of the operational flight tests are very important for the correlation of the ground test method in laboratory to further improve the degradation behaviour. These data can also be used to perform a forecast prediction regarding the life-time of the microstructured coating. The demonstration of the industrial application has\nbeen done successfully. In a next step the implementation of the riblet coating technology into the Final Paint Shop has to be analysed.   \n'),(45,45,1,'Qualitätskleben - Prozessintegriertes QM für FVW','Im Rahmen des Projektes sollen prozessintegrierte Qualitätssicherungsverfahren für die klebtechnische Fertigung von Faserverbundwerkstoffen entwickelt werden, mit denen Klebeprozessketten entwickelt und erweitert werden können, deren Produkte nachhaltig geprüft und qualitätsgesichert sind.'),(46,46,1,'MIMENIMA - Micro-, meso- and macroporous nonmetallic Materials: Fundamentals and Applications','Die wegweisende Forschungsidee des Graduiertenkollegs ist die Konditionierung neuartiger, poröser keramischer Strukturen und deren Oberfläche für den Einsatz in wichtigen Bereichen der Energie-, Umwelt-, Verfahrens- und Raumfahrttechnik. Keramische Materialien zeichnen sich besonders durch ihre Korrosions- und Hochtemperaturbeständigkeit aus, sind aber bei der Herstellung und Konditionierung wesentlich anspruchsvoller als metallische oder polymere Materialien. Die Beständigkeit der Keramik verspricht einen besonders nachhaltigen technologischen Einsatz mit dem Potential, gänzlich neue Anwendungen zu ermöglichen, die anderen Werkstoffklassen vorenthalten sind. \n\n\nhttp://www.mimenima.uni-bremen.de/');
/*!40000 ALTER TABLE `project_local` ENABLE KEYS */;
UNLOCK TABLES;

--
-- Table structure for table `project_media`
--

DROP TABLE IF EXISTS `project_media`;
/*!40101 SET @saved_cs_client     = @@character_set_client */;
/*!40101 SET character_set_client = utf8 */;
CREATE TABLE `project_media` (
  `id` int(11) NOT NULL AUTO_INCREMENT,
  `project` int(11) NOT NULL,
  `media` int(11) NOT NULL,
  PRIMARY KEY (`id`),
  KEY `project` (`project`),
  KEY `media` (`media`),
  CONSTRAINT `project_media_ibfk_1` FOREIGN KEY (`project`) REFERENCES `project` (`id`) ON DELETE CASCADE ON UPDATE NO ACTION,
  CONSTRAINT `project_media_ibfk_2` FOREIGN KEY (`media`) REFERENCES `media` (`id`) ON DELETE CASCADE ON UPDATE NO ACTION
) ENGINE=InnoDB AUTO_INCREMENT=54 DEFAULT CHARSET=utf8 COLLATE=utf8_unicode_ci;
/*!40101 SET character_set_client = @saved_cs_client */;

--
-- Dumping data for table `project_media`
--

LOCK TABLES `project_media` WRITE;
/*!40000 ALTER TABLE `project_media` DISABLE KEYS */;
INSERT INTO `project_media` VALUES (1,1,28),(2,2,29),(3,2,30),(4,2,31),(5,2,32),(6,2,33),(7,9,34),(8,9,35),(9,25,36),(10,26,37),(11,26,38),(12,26,39),(13,27,40),(14,3,41),(15,4,42),(16,5,43),(17,6,44),(18,7,45),(19,8,46),(20,9,47),(21,9,48),(22,10,49),(23,11,50),(24,12,51),(25,12,52),(26,13,53),(27,14,54),(28,15,55),(29,15,56),(30,15,57),(32,17,59),(33,18,60),(34,19,61),(35,20,62),(36,20,63),(37,21,64),(38,21,65),(39,22,66),(40,24,67),(41,25,68),(42,28,69),(43,28,70),(44,30,71),(45,30,72),(47,31,75),(48,33,40),(49,42,5),(50,43,4),(51,44,3),(52,45,116),(53,46,117);
/*!40000 ALTER TABLE `project_media` ENABLE KEYS */;
UNLOCK TABLES;

--
-- Table structure for table `project_partner`
--

DROP TABLE IF EXISTS `project_partner`;
/*!40101 SET @saved_cs_client     = @@character_set_client */;
/*!40101 SET character_set_client = utf8 */;
CREATE TABLE `project_partner` (
  `id` int(8) NOT NULL AUTO_INCREMENT,
  `project` int(8) NOT NULL,
  `partner` int(8) NOT NULL,
  PRIMARY KEY (`id`),
  KEY `project` (`project`),
  KEY `partner` (`partner`),
  CONSTRAINT `project_partner_ibfk_3` FOREIGN KEY (`project`) REFERENCES `project` (`id`) ON DELETE CASCADE ON UPDATE NO ACTION,
  CONSTRAINT `project_partner_ibfk_4` FOREIGN KEY (`partner`) REFERENCES `partner` (`id`) ON DELETE CASCADE ON UPDATE NO ACTION
) ENGINE=InnoDB AUTO_INCREMENT=158 DEFAULT CHARSET=utf8 COLLATE=utf8_unicode_ci;
/*!40101 SET character_set_client = @saved_cs_client */;

--
-- Dumping data for table `project_partner`
--

LOCK TABLES `project_partner` WRITE;
/*!40000 ALTER TABLE `project_partner` DISABLE KEYS */;
INSERT INTO `project_partner` VALUES (1,1,3),(2,1,12),(3,2,2),(4,2,1),(5,3,13),(6,4,2),(7,4,13),(8,5,5),(9,5,13),(11,7,13),(12,8,13),(13,10,4),(15,11,4),(16,12,4),(17,13,5),(18,13,4),(19,14,4),(20,14,5),(21,15,4),(22,16,14),(23,16,13),(24,17,14),(25,17,13),(26,18,14),(27,18,13),(28,19,14),(29,19,15),(30,19,13),(31,20,6),(32,6,13),(33,21,6),(34,22,6),(35,23,6),(36,23,16),(37,22,16),(38,24,6),(39,24,16),(40,25,10),(41,25,7),(42,25,9),(43,26,3),(44,26,12),(45,26,5),(46,26,7),(47,26,13),(48,27,9),(49,28,4),(50,28,13),(54,30,10),(55,30,12),(56,30,5),(57,30,2),(58,1,1),(60,2,3),(70,5,8),(74,8,22),(75,9,4),(76,10,5),(77,11,13),(78,11,23),(79,12,13),(81,13,23),(82,13,13),(83,13,9),(86,20,13),(87,21,13),(88,28,23),(92,31,7),(93,31,1),(95,14,13),(97,10,11),(98,8,11),(99,7,11),(100,6,11),(101,5,11),(102,4,11),(103,3,11),(106,30,7),(108,30,1),(109,30,20),(110,30,3),(111,3,20),(112,3,21),(113,2,28),(114,12,23),(115,4,29),(116,21,30),(117,16,31),(118,5,22),(119,14,23),(120,8,22),(121,26,32),(122,12,32),(123,17,9),(124,18,9),(125,11,33),(126,27,13),(127,36,20),(128,36,12),(129,36,2),(130,36,34),(131,37,2),(132,37,12),(133,37,35),(134,39,20),(135,39,12),(136,41,7),(137,41,1),(138,41,36),(139,26,2),(140,42,7),(141,42,37),(142,43,7),(143,43,5),(144,43,12),(145,43,3),(146,43,6),(147,43,13),(148,43,2),(149,44,5),(150,44,2),(151,30,28),(152,45,5),(153,45,3),(154,45,36),(155,38,12),(156,46,7),(157,46,32);
/*!40000 ALTER TABLE `project_partner` ENABLE KEYS */;
UNLOCK TABLES;

--
-- Table structure for table `user`
--

DROP TABLE IF EXISTS `user`;
/*!40101 SET @saved_cs_client     = @@character_set_client */;
/*!40101 SET character_set_client = utf8 */;
CREATE TABLE `user` (
  `id` int(8) NOT NULL AUTO_INCREMENT,
  `name` varchar(32) COLLATE utf8_unicode_ci NOT NULL,
  `password` varchar(32) COLLATE utf8_unicode_ci NOT NULL,
  PRIMARY KEY (`id`),
  UNIQUE KEY `name` (`name`)
) ENGINE=InnoDB AUTO_INCREMENT=3 DEFAULT CHARSET=utf8 COLLATE=utf8_unicode_ci;
/*!40101 SET character_set_client = @saved_cs_client */;

--
-- Dumping data for table `user`
--

LOCK TABLES `user` WRITE;
/*!40000 ALTER TABLE `user` DISABLE KEYS */;
INSERT INTO `user` VALUES (1,'admin','Joerf009'),(2,'guest','columbus$1492$amerika');
/*!40000 ALTER TABLE `user` ENABLE KEYS */;
UNLOCK TABLES;
/*!40103 SET TIME_ZONE=@OLD_TIME_ZONE */;

/*!40101 SET SQL_MODE=@OLD_SQL_MODE */;
/*!40014 SET FOREIGN_KEY_CHECKS=@OLD_FOREIGN_KEY_CHECKS */;
/*!40014 SET UNIQUE_CHECKS=@OLD_UNIQUE_CHECKS */;
/*!40101 SET CHARACTER_SET_CLIENT=@OLD_CHARACTER_SET_CLIENT */;
/*!40101 SET CHARACTER_SET_RESULTS=@OLD_CHARACTER_SET_RESULTS */;
/*!40101 SET COLLATION_CONNECTION=@OLD_COLLATION_CONNECTION */;
/*!40111 SET SQL_NOTES=@OLD_SQL_NOTES */;

-- Dump completed on 2016-02-21  2:22:11
